pid,link
AEDL104820,https://suvidha.eci.gov.in/uploads1/candprofile/E8/2020/AC/u05/CHAND-2020-20200121055900.jpg
AEDLJA1,https://suvidha.eci.gov.in/uploads1/candprofile/E8/2020/AC/u05/ARUNA-2020-20200121082440.jpg
AEDL101472,https://suvidha.eci.gov.in/uploads1/candprofile/E8/2020/AC/u05/ANIL-2020-20200121060156.jpg
AEDLJA2,https://suvidha.eci.gov.in/uploads1/candprofile/E8/2020/AC/U05/DEEPA-2020-20200124031349.jpg
AEDLJA3,https://suvidha.eci.gov.in/uploads1/candprofile/E8/2020/AC/u05/ASHA-2020-20200121060825.jpg
AEDLJA4,https://suvidha.eci.gov.in/uploads1/candprofile/E8/2020/AC/U05/AMAR-2020-20200125080144.JPG
AEDL101430,https://suvidha.eci.gov.in/uploads1/candprofile/E8/2020/AC/u05/MANIS-2020-20200116044344.jpg
AEDLJA5,https://suvidha.eci.gov.in/uploads1/candprofile/E8/2020/AC/u05/ABHAY-2020-20200121083051.jpg
AEDL103764,https://suvidha.eci.gov.in/uploads1/candprofile/E8/2020/AC/u05/AMRIS-2020-20200121020219.jpg
AEDLJA6,https://suvidha.eci.gov.in/uploads1/candprofile/E8/2020/AC/u05/KIRAN-2020-20200120063900.jpg
AEDL101160,https://suvidha.eci.gov.in/uploads1/candprofile/E8/2020/AC/u05/GULAB-2020-20200117021302.jpg
AEDLJA7,https://suvidha.eci.gov.in/uploads1/candprofile/E8/2020/AC/u05/ALI%20M-2020-20200120024917.jpg
AEDL101652,https://suvidha.eci.gov.in/uploads1/candprofile/E8/2020/AC/u05/AJESH-2020-20200120064906.jpg
AEDLJA8,https://suvidha.eci.gov.in/uploads1/candprofile/E8/2020/AC/U05/MANDE-2020-20200121083740.jpg
AEDLJA9,https://suvidha.eci.gov.in/uploads1/candprofile/E8/2020/AC/u05/KRISH-2020-20200117042250.jpeg
6937,https://suvidha.eci.gov.in/uploads1/candprofile/E8/2020/AC/U05/ATISH-2020-20200125020803.jpg
AEDL100712,https://suvidha.eci.gov.in/uploads1/candprofile/E8/2020/AC/U05/Jiten-2020-20200125011350.jpg
AEDLJA10,https://suvidha.eci.gov.in/uploads1/candprofile/E8/2020/AC/u05/JAGDI-2020-20200120030344.jpg
AEDL100250,https://suvidha.eci.gov.in/uploads1/candprofile/E8/2020/AC/u05/NITYA-2020-20200121084914.jpg
AEDLJA11,https://suvidha.eci.gov.in/uploads1/candprofile/E8/2020/AC/u05/MOHD-2020-20200121063331.jpg
AEDL100866,https://suvidha.eci.gov.in/uploads1/candprofile/E8/2020/AC/U05/AZAD-2020-20200120034114.jpg
AEDLJA12,https://suvidha.eci.gov.in/uploads1/candprofile/E8/2020/AC/u05/INDU-2020-20200120033554.JPG
AEDL101178,https://suvidha.eci.gov.in/uploads1/candprofile/E8/2020/AC/u05/AJEET-2020-20200120035555.jpg
AEDL100575,https://suvidha.eci.gov.in/uploads1/candprofile/E8/2020/AC/U05/AJAY-2020-20200118034114.jpg
AEDLJA13,https://suvidha.eci.gov.in/uploads1/candprofile/E8/2020/AC/u05/ARBIN-2020-20200121064108.jpg
AEDL100570,https://suvidha.eci.gov.in/uploads1/candprofile/E8/2020/AC/u05/ARVIN-2020-20200120035846.jpg
AEDLJA14,https://suvidha.eci.gov.in/uploads1/candprofile/E8/2020/AC/U05/AMAND-2020-20200120073918.jpg
AEDLJA15,https://suvidha.eci.gov.in/uploads1/candprofile/E8/2020/AC/u05/PRAVE-2020-20200118033604.jpg
AEDL101235,https://suvidha.eci.gov.in/uploads1/candprofile/E8/2020/AC/U05/ARVIN-2020-20200122014609.jpg
AEDLJA16,https://suvidha.eci.gov.in/uploads1/candprofile/E8/2020/AC/U05/KAMAL-2020-20200122125755.jpg
AEDLJA17,https://suvidha.eci.gov.in/uploads1/candprofile/E8/2020/AC/U05/ASHIS-2020-20200120052835.jpg
AEDL101971,https://suvidha.eci.gov.in/uploads1/candprofile/E8/2020/AC/U05/KRISH-2020-20200120044348.jpg
AEDLJA18,https://suvidha.eci.gov.in/uploads1/candprofile/E8/2020/AC/u05/Anil-2020-20200121070433.jpg
AEDL100362,https://suvidha.eci.gov.in/uploads1/candprofile/E8/2020/AC/u05/JARNA-2020-20200118043101.jpeg
AEDLJA19,https://suvidha.eci.gov.in/uploads1/candprofile/E8/2020/AC/U05/KAMAL-2020-20200122013434.jpg
AEDL100561,https://suvidha.eci.gov.in/uploads1/candprofile/E8/2020/AC/U05/KARTA-2020-20200125121215.jpg
GEDL43606,https://suvidha.eci.gov.in/uploads1/candprofile/E8/2020/AC/u05/KRISH-2020-20200121041520.jpg
AEDL100630,https://suvidha.eci.gov.in/uploads1/candprofile/E8/2020/AC/U05/AMANA-2020-20200125021906.jpg
AEDLJA20,https://suvidha.eci.gov.in/uploads1/candprofile/E8/2020/AC/u05/ASAD-2020-20200118045708.jpg
AEDLJA21,https://suvidha.eci.gov.in/uploads1/candprofile/E8/2020/AC/u05/GEETA-2020-20200121071941.jpg
AEDL101577,https://suvidha.eci.gov.in/uploads1/candprofile/E8/2020/AC/u05/Rajbi-2020-20200121042033.jpg
AEDL103264,https://suvidha.eci.gov.in/uploads1/candprofile/E8/2020/AC/u05/ALKA-2020-20200120045547.jpg
AEDL101329,https://suvidha.eci.gov.in/uploads1/candprofile/E8/2020/AC/u05/DINES-2020-20200118051550.jpg
AEDLJA23,https://suvidha.eci.gov.in/uploads1/candprofile/E8/2020/AC/U05/ABHIS-2020-20200121104629.jpg
AEDL100321,https://suvidha.eci.gov.in/uploads1/candprofile/E8/2020/AC/u05/IMRAN-2020-20200118053032.jpg
AEDL100981,https://suvidha.eci.gov.in/uploads1/candprofile/E8/2020/AC/U05/AKHIL-2020-20200123014711.jpg
AEDL100931,https://suvidha.eci.gov.in/uploads1/candprofile/E8/2020/AC/U05/ARUN-2020-20200120085939.jpg
AEDLJA24,https://suvidha.eci.gov.in/uploads1/candprofile/E8/2020/AC/U05/NEETU-2020-20200125054731.jpg
AEDL100616,https://suvidha.eci.gov.in/uploads1/candprofile/E8/2020/AC/u05/MANOJ-2020-20200121050225.jpg
AEDL104574,https://suvidha.eci.gov.in/uploads1/candprofile/E8/2020/AC/U05/Jai%20K-2020-20200120054902.jpg
AEDLJA25,https://suvidha.eci.gov.in/uploads1/candprofile/E8/2020/AC/u05/Nand-2020-20200118064832.jpg
AEDLJA26,https://suvidha.eci.gov.in/uploads1/candprofile/E8/2020/AC/u05/JAGDI-2020-20200120100844.jpg
AEDLJA27,https://suvidha.eci.gov.in/uploads1/candprofile/E8/2020/AC/u05/GOURA-2020-20200121073038.jpg
AEDL101287,https://suvidha.eci.gov.in/uploads1/candprofile/E8/2020/AC/u05/ANIL-2020-20200120111043.jpg
AEDLJA28,https://suvidha.eci.gov.in/uploads1/candprofile/E8/2020/AC/u05/ABHIP-2020-20200121101303.jpg
AEDL100776,https://suvidha.eci.gov.in/uploads1/candprofile/E8/2020/AC/u05/NEEL-2020-20200120055526.jpg
AEDL101700,https://suvidha.eci.gov.in/uploads1/candprofile/E8/2020/AC/u05/ANIL-2020-20200120055706.jpeg
AEDLJA29,https://suvidha.eci.gov.in/uploads1/candprofile/E8/2020/AC/u05/IMPRE-2020-20200121080123.jpg
AEDLJA30,https://suvidha.eci.gov.in/uploads1/candprofile/E8/2020/AC/u05/NATHU-2020-20200121121705.jpeg
AEDLJA31,https://suvidha.eci.gov.in/uploads1/candprofile/E8/2020/AC/u05/TEJ%20R-2020-20200121080422.jpg
AEDL102327,https://suvidha.eci.gov.in/uploads1/candprofile/E8/2020/AC/U05/OM%20PR-2020-20200122111518.JPG
AEDLJA32,https://suvidha.eci.gov.in/uploads1/candprofile/E8/2020/AC/u05/P%20K%20P-2020-20200121052811.jpg
AEDLJA33,https://suvidha.eci.gov.in/uploads1/candprofile/E8/2020/AC/U05/J.%20S.-2020-20200120061237.jpg
AEDLJA34,https://suvidha.eci.gov.in/uploads1/candprofile/E8/2020/AC/U05/TAJIN-2020-20200122051358.jpg
AEDLJA35,https://suvidha.eci.gov.in/uploads1/candprofile/E8/2020/AC/u05/ANVEE-2020-20200121125646.jpg
AEDL102288,https://suvidha.eci.gov.in/uploads1/candprofile/E8/2020/AC/u05/GANGA-2020-20200121110757.jpg
AEDLJA37,https://suvidha.eci.gov.in/uploads1/candprofile/E8/2020/AC/U05/KARAM-2020-20200120062331.jpeg
AEDLJA38,https://suvidha.eci.gov.in/uploads1/candprofile/E8/2020/AC/u05/AJAY-2020-20200120062231.jpg
AEDLJA39,https://suvidha.eci.gov.in/uploads1/candprofile/E8/2020/AC/U05/ASHOK-2020-20200124042717.jpg
AEDL101909,https://suvidha.eci.gov.in/uploads1/candprofile/E8/2020/AC/u05/Kaila-2020-20200120062540.jpeg
AEDL103333,https://suvidha.eci.gov.in/uploads1/candprofile/E8/2020/AC/U05/RAJES-2020-20200120020829.jpg
AEDLJA40,https://suvidha.eci.gov.in/uploads1/candprofile/E8/2020/AC/U05/DHARA-2020-20200120022414.jpg
AEDLJA41,https://suvidha.eci.gov.in/uploads1/candprofile/E8/2020/AC/U05/MURAR-2020-20200121060356.jpeg
AEDL101561,https://suvidha.eci.gov.in/uploads1/candprofile/E8/2020/AC/U05/JAGDI-2020-20200120031859.jpg
AEDLJA42,https://suvidha.eci.gov.in/uploads1/candprofile/E8/2020/AC/u05/GURCH-2020-20200121082814.JPG
AEDLJA43,https://suvidha.eci.gov.in/uploads1/candprofile/E8/2020/AC/U05/SHAIL-2020-20200125054535.jpg
AEDL102499,https://suvidha.eci.gov.in/uploads1/candprofile/E8/2020/AC/U05/Poona-2020-20200120065855.jpg
AEDLJA45,https://suvidha.eci.gov.in/uploads1/candprofile/E8/2020/AC/u05/JAY%20P-2020-20200121061115.jpg
AEDL105726,https://suvidha.eci.gov.in/uploads1/candprofile/E8/2020/AC/u05/NAREN-2020-20200120024341.JPG
AEDL100454,https://suvidha.eci.gov.in/uploads1/candprofile/E8/2020/AC/u05/KAILA-2020-20200117032051.jpg
AEDLJA46,https://suvidha.eci.gov.in/uploads1/candprofile/E8/2020/AC/U05/DURGE-2020-20200117034306.jpg
AEDLJA47,https://suvidha.eci.gov.in/uploads1/candprofile/E8/2020/AC/u05/KARMV-2020-20200121021755.jpg
AEDLJA48,https://suvidha.eci.gov.in/uploads1/candprofile/E8/2020/AC/u05/MANIS-2020-20200120064830.jpg
AEDLJA49,https://suvidha.eci.gov.in/uploads1/candprofile/E8/2020/AC/u05/DEV%20R-2020-20200121061831.jpg
AEDLJA50,https://suvidha.eci.gov.in/uploads1/candprofile/E8/2020/AC/U05/RAM%20G-2020-20200120040232.jpg
AEDL105080,https://suvidha.eci.gov.in/uploads1/candprofile/E8/2020/AC/u05/BHISH-2020-20200121022936.jpg
AEDLJA51,https://suvidha.eci.gov.in/uploads1/candprofile/E8/2020/AC/u05/RAMIN-2020-20200121023512.jpg
AEDLJA52,https://suvidha.eci.gov.in/uploads1/candprofile/E8/2020/AC/u05/KAMAL-2020-20200121084720.jpg
AEDLJA53,https://suvidha.eci.gov.in/uploads1/candprofile/E8/2020/AC/U05/KHEM-2020-20200120071003.jpg
AEDLJA54,https://suvidha.eci.gov.in/uploads1/candprofile/E8/2020/AC/u05/PRADE-2020-20200120032308.jpg
AEDL102404,https://suvidha.eci.gov.in/uploads1/candprofile/E8/2020/AC/U05/Vipin-2020-20200125011411.jpg
AEDL101321,https://suvidha.eci.gov.in/uploads1/candprofile/E8/2020/AC/u05/KHUSH-2020-20200121024622.jpg
AEDLJA55,https://suvidha.eci.gov.in/uploads1/candprofile/E8/2020/AC/u05/RAJES-2020-20200117063229.jpg
AEDL100705,https://suvidha.eci.gov.in/uploads1/candprofile/E8/2020/AC/U05/RAJEN-2020-20200118031717.jpg
7024,https://suvidha.eci.gov.in/uploads1/candprofile/E8/2020/AC/U05/RAGHA-2020-20200118024118.jpg
AEDLJA56,https://suvidha.eci.gov.in/uploads1/candprofile/E8/2020/AC/U05/DEEPA-2020-20200122061456.jpg
AEDL100968,https://suvidha.eci.gov.in/uploads1/candprofile/E8/2020/AC/u05/DR%20MA-2020-20200120040723.jpeg
AEDLJA57,https://suvidha.eci.gov.in/uploads1/candprofile/E8/2020/AC/U05/PARVE-2020-20200124032008.jpg
AEDL100203,https://suvidha.eci.gov.in/uploads1/candprofile/E8/2020/AC/u05/RAGHU-2020-20200120073437.jpg
GEDL15317,https://suvidha.eci.gov.in/uploads1/candprofile/E8/2020/AC/U05/JAI%20R-2020-20200125123719.jpg
AEDLJA58,https://suvidha.eci.gov.in/uploads1/candprofile/E8/2020/AC/u05/MAHEN-2020-20200121090545.jpg
AEDLJA59,https://suvidha.eci.gov.in/uploads1/candprofile/E8/2020/AC/U05/KUSUM-2020-20200122124541.jpg
AEDLJA60,https://suvidha.eci.gov.in/uploads1/candprofile/E8/2020/AC/u05/RAVIN-2020-20200120042412.jpg
AEDL101516,https://suvidha.eci.gov.in/uploads1/candprofile/E8/2020/AC/U05/ABDUL-2020-20200120020437.jpg
AEDL100477,https://suvidha.eci.gov.in/uploads1/candprofile/E8/2020/AC/u05/DALIP-2020-20200120075147.jpg
AEDL101090,https://suvidha.eci.gov.in/uploads1/candprofile/E8/2020/AC/u05/A%20DHA-2020-20200120075601.jpg
AEDL104044,https://suvidha.eci.gov.in/uploads1/candprofile/E8/2020/AC/u05/PARLA-2020-20200118042304.jpg
AEDLJA61,https://suvidha.eci.gov.in/uploads1/candprofile/E8/2020/AC/U05/DEEP-2020-20200124124559.jpg
AEDL101082,https://suvidha.eci.gov.in/uploads1/candprofile/E8/2020/AC/U05/GIRIS-2020-20200118044141.jpg
AEDL101539,https://suvidha.eci.gov.in/uploads1/candprofile/E8/2020/AC/u05/GOPAL-2020-20200118043246.jpg
GEDL82106,https://suvidha.eci.gov.in/uploads1/candprofile/E8/2020/AC/u05/Ashok-2020-20200120080416.jpg
AEDLJA62,https://suvidha.eci.gov.in/uploads1/candprofile/E8/2020/AC/u05/JAI%20B-2020-20200118043542.jpg
AEDL101991,https://suvidha.eci.gov.in/uploads1/candprofile/E8/2020/AC/u05/PAWAN-2020-20200118044147.jpg
AEDL100790,https://suvidha.eci.gov.in/uploads1/candprofile/E8/2020/AC/u05/SANJE-2020-20200118045335.jpg
AEDL100613,https://suvidha.eci.gov.in/uploads1/candprofile/E8/2020/AC/u05/VIKRA-2020-20200121042252.jpg
AEDLJA63,https://suvidha.eci.gov.in/uploads1/candprofile/E8/2020/AC/U05/DHARA-2020-20200125023214.jpg
AEDL104155,https://suvidha.eci.gov.in/uploads1/candprofile/E8/2020/AC/U05/YOGEN-2020-20200121075151.png
AEDL103807,https://suvidha.eci.gov.in/uploads1/candprofile/E8/2020/AC/u05/ARVIN-2020-20200121043126.jpg
AEDLJA64,https://suvidha.eci.gov.in/uploads1/candprofile/E8/2020/AC/U05/AKANK-2020-20200123014907.jpeg
AEDL100427,https://suvidha.eci.gov.in/uploads1/candprofile/E8/2020/AC/U05/ADARS-2020-20200124042527.jpg
AEDL103807,https://suvidha.eci.gov.in/uploads1/candprofile/E8/2020/AC/u05/ARVIN-2020-20200120050753.jpg
AEDL101129,https://suvidha.eci.gov.in/uploads1/candprofile/E8/2020/AC/U05/MAHIN-2020-20200118062317.jpeg
AEDL101811,https://suvidha.eci.gov.in/uploads1/candprofile/E8/2020/AC/u05/JAI%20P-2020-20200120084040.jpg
AEDL100933,https://suvidha.eci.gov.in/uploads1/candprofile/E8/2020/AC/u05/BANDA-2020-20200120052205.jpg
AEDL101651,https://suvidha.eci.gov.in/uploads1/candprofile/E8/2020/AC/u05/DEVEN-2020-20200121074337.jpg
AEDLJA65,https://suvidha.eci.gov.in/uploads1/candprofile/E8/2020/AC/U05/ADVOC-2020-20200125081014.JPG
AEDL100186,https://suvidha.eci.gov.in/uploads1/candprofile/E8/2020/AC/u05/RITUR-2020-20200118061619.jpeg
AEDLJA66,https://suvidha.eci.gov.in/uploads1/candprofile/E8/2020/AC/u05/Manis-2020-20200121074921.jpg
AEDLJA67,https://suvidha.eci.gov.in/uploads1/candprofile/E8/2020/AC/u05/RAMES-2020-20200121050140.jpg
AEDL104758,https://suvidha.eci.gov.in/uploads1/candprofile/E8/2020/AC/U05/BRAHM-2020-20200125121311.jpg
AEDL100937,https://suvidha.eci.gov.in/uploads1/candprofile/E8/2020/AC/U05/RAJ%20K-2020-20200121052520.jpg
AEDL101021,https://suvidha.eci.gov.in/uploads1/candprofile/E8/2020/AC/u05/MIRZA-2020-20200121075323.jpg
AEDL101379,https://suvidha.eci.gov.in/uploads1/candprofile/E8/2020/AC/u05/NARAY-2020-20200120101140.JPG
AEDLJA70,https://suvidha.eci.gov.in/uploads1/candprofile/E8/2020/AC/U05/Neela-2020-20200120055016.jpg
AEDLJA71,https://suvidha.eci.gov.in/uploads1/candprofile/E8/2020/AC/u05/NAGES-2020-20200120115813.jpg
AEDLJA72,https://suvidha.eci.gov.in/uploads1/candprofile/E8/2020/AC/u05/MAY%20S-2020-20200120121707.jpg
AEDLJA73,https://suvidha.eci.gov.in/uploads1/candprofile/E8/2020/AC/u05/RAGHU-2020-20200121120924.jpg
AEDL100748,https://suvidha.eci.gov.in/uploads1/candprofile/E8/2020/AC/U05/FATEH-2020-20200121064929.jpg
AEDL104399,https://suvidha.eci.gov.in/uploads1/candprofile/E8/2020/AC/U05/TARVI-2020-20200121081418.jpg
AEDL101264,https://suvidha.eci.gov.in/uploads1/candprofile/E8/2020/AC/u05/Shikh-2020-20200120013830.jpg
AEDL102445,https://suvidha.eci.gov.in/uploads1/candprofile/E8/2020/AC/U05/RANJE-2020-20200121012801.jpg
AEDL101515,https://suvidha.eci.gov.in/uploads1/candprofile/E8/2020/AC/u05/KAUSH-2020-20200121013938.jpg
AEDLJA74,https://suvidha.eci.gov.in/uploads1/candprofile/E8/2020/AC/u05/SHUBH-2020-20200120063348.jpg
AEDLJA75,https://suvidha.eci.gov.in/uploads1/candprofile/E8/2020/AC/U05/YADUR-2020-20200120023109.jpg
AEDL100868,https://suvidha.eci.gov.in/uploads1/candprofile/E8/2020/AC/u05/NARES-2020-20200121015414.jpg
AEDL100661,https://suvidha.eci.gov.in/uploads1/candprofile/E8/2020/AC/u05/NITIN-2020-20200116050223.jpg
AEDL100199,https://suvidha.eci.gov.in/uploads1/candprofile/E8/2020/AC/u05/NATHU-2020-20200121061054.jpg
AEDL101263,https://suvidha.eci.gov.in/uploads1/candprofile/E8/2020/AC/U05/MADAN-2020-20200120071437.jpg
AEDL101353,https://suvidha.eci.gov.in/uploads1/candprofile/E8/2020/AC/U05/DHARA-2020-20200122095456.jpg
AEDL101109,https://suvidha.eci.gov.in/uploads1/candprofile/E8/2020/AC/u05/RAJIV-2020-20200121020556.jpg
AEDL103383,https://suvidha.eci.gov.in/uploads1/candprofile/E8/2020/AC/U05/PARVE-2020-20200125022919.jpg
AEDLJA76,https://suvidha.eci.gov.in/uploads1/candprofile/E8/2020/AC/u05/ROCKY-2020-20200121021801.jpg
AEDL102206,https://suvidha.eci.gov.in/uploads1/candprofile/E8/2020/AC/U05/Sures-2020-20200120070241.jpg
AEDLJA77,https://suvidha.eci.gov.in/uploads1/candprofile/E8/2020/AC/u05/SATBI-2020-20200120025904.jpg
AEDL100728,https://suvidha.eci.gov.in/uploads1/candprofile/E8/2020/AC/u05/SHRID-2020-20200120025946.jpg
AEDLJA78,https://suvidha.eci.gov.in/uploads1/candprofile/E8/2020/AC/u05/Rakes-2020-20200121084511.jpg
AEDL105612,https://suvidha.eci.gov.in/uploads1/candprofile/E8/2020/AC/u05/Sures-2020-20200121063023.jpg
AEDLJA79,https://suvidha.eci.gov.in/uploads1/candprofile/E8/2020/AC/U05/RANA-2020-20200125121529.jpg
AEDL100555,https://suvidha.eci.gov.in/uploads1/candprofile/E8/2020/AC/u05/NARES-2020-20200117064448.jpg
AEDL103004,https://suvidha.eci.gov.in/uploads1/candprofile/E8/2020/AC/U05/VEER-2020-20200122125700.jpg
AEDL100543,https://suvidha.eci.gov.in/uploads1/candprofile/E8/2020/AC/u05/PRAMI-2020-20200117082507.jpg
AEDL102005,https://suvidha.eci.gov.in/uploads1/candprofile/E8/2020/AC/U05/PARDU-2020-20200124042441.jpg
AEDLJA80,https://suvidha.eci.gov.in/uploads1/candprofile/E8/2020/AC/U05/BHUPI-2020-20200124030759.jpg
AEDLJA81,https://suvidha.eci.gov.in/uploads1/candprofile/E8/2020/AC/u05/MUSTQ-2020-20200118025200.jpeg
AEDLJA82,https://suvidha.eci.gov.in/uploads1/candprofile/E8/2020/AC/u05/TILAK-2020-20200121090106.jpg
AEDLJA83,https://suvidha.eci.gov.in/uploads1/candprofile/E8/2020/AC/u05/LAXMA-2020-20200120073523.jpg
AEDLJA84,https://suvidha.eci.gov.in/uploads1/candprofile/E8/2020/AC/U05/RAJ%20K-2020-20200118045320.jpg
6912,https://suvidha.eci.gov.in/uploads1/candprofile/E8/2020/AC/u05/DILIP-2020-20200120090221.JPG
AEDL100156,https://suvidha.eci.gov.in/uploads1/candprofile/E8/2020/AC/u05/MOHIN-2020-20200120074359.jpg
AEDLJA85,https://suvidha.eci.gov.in/uploads1/candprofile/E8/2020/AC/u05/ZAHID-2020-20200121034516.jpg
AEDL101315,https://suvidha.eci.gov.in/uploads1/candprofile/E8/2020/AC/u05/Praka-2020-20200118035516.jpg
AEDL104654,https://suvidha.eci.gov.in/uploads1/candprofile/E8/2020/AC/u05/MUKES-2020-20200121035002.jpg
AEDLJA86,https://suvidha.eci.gov.in/uploads1/candprofile/E8/2020/AC/u05/RAVIN-2020-20200120042614.jpg
AEDLJA87,https://suvidha.eci.gov.in/uploads1/candprofile/E8/2020/AC/u05/MAYUR-2020-20200121035042.jpg
AEDLJA88,https://suvidha.eci.gov.in/uploads1/candprofile/E8/2020/AC/u05/MOHIT-2020-20200121040627.jpg
AEDL101198,https://suvidha.eci.gov.in/uploads1/candprofile/E8/2020/AC/u05/BHAVN-2020-20200118092315.jpg
AEDLJA89,https://suvidha.eci.gov.in/uploads1/candprofile/E8/2020/AC/u05/PRAMO-2020-20200121091555.jpg
AEDLJA90,https://suvidha.eci.gov.in/uploads1/candprofile/E8/2020/AC/u05/SUDES-2020-20200118043828.jpg
AEDLJA91,https://suvidha.eci.gov.in/uploads1/candprofile/E8/2020/AC/U05/SANDE-2020-20200121081407.jpg
AEDL101237,https://suvidha.eci.gov.in/uploads1/candprofile/E8/2020/AC/u05/VIJEN-2020-20200120080836.jpg
AEDLJA92,https://suvidha.eci.gov.in/uploads1/candprofile/E8/2020/AC/u05/LEKHR-2020-20200120044601.png
AEDL100969,https://suvidha.eci.gov.in/uploads1/candprofile/E8/2020/AC/U05/PRAVE-2020-20200119103048.jpg
AEDLJA93,https://suvidha.eci.gov.in/uploads1/candprofile/E8/2020/AC/u05/PRAVE-2020-20200120032750.jpg
AEDL100921,https://suvidha.eci.gov.in/uploads1/candprofile/E8/2020/AC/U05/RAKHI-2020-20200117054224.jpeg
AEDLJA94,https://suvidha.eci.gov.in/uploads1/candprofile/E8/2020/AC/u05/RAVIN-2020-20200121092517.jpg
AEDL104955,https://suvidha.eci.gov.in/uploads1/candprofile/E8/2020/AC/u05/RAM%20N-2020-20200118050003.JPG
AEDLJA95,https://suvidha.eci.gov.in/uploads1/candprofile/E8/2020/AC/u05/KULDE-2020-20200118050354.jpeg
AEDL101119,https://suvidha.eci.gov.in/uploads1/candprofile/E8/2020/AC/U05/RAJES-2020-20200118061521.jpg
AEDLJA96,https://suvidha.eci.gov.in/uploads1/candprofile/E8/2020/AC/u05/TIKRA-2020-20200121043421.png
AEDLJA97,https://suvidha.eci.gov.in/uploads1/candprofile/E8/2020/AC/u05/LATA-2020-20200120083728.jpg
AEDLJA98,https://suvidha.eci.gov.in/uploads1/candprofile/E8/2020/AC/u05/RABIN-2020-20200120052203.jpeg
AEDL101574,https://suvidha.eci.gov.in/uploads1/candprofile/E8/2020/AC/U05/KAPIL-2020-20200123015921.jpeg
AEDL100138,https://suvidha.eci.gov.in/uploads1/candprofile/E8/2020/AC/u05/MUKES-2020-20200120091703.jpg
AEDL100676,https://suvidha.eci.gov.in/uploads1/candprofile/E8/2020/AC/u05/S.%20K.-2020-20200118061342.jpg
AEDLJA99,https://suvidha.eci.gov.in/uploads1/candprofile/E8/2020/AC/u05/Jai%20P-2020-20200121074730.jpg
AEDL101271,https://suvidha.eci.gov.in/uploads1/candprofile/E8/2020/AC/U05/SOMNA-2020-20200125054429.jpg
AEDLJA100,https://suvidha.eci.gov.in/uploads1/candprofile/E8/2020/AC/u05/Viren-2020-20200118051512.jpg
AEDL101747,https://suvidha.eci.gov.in/uploads1/candprofile/E8/2020/AC/U05/Mukes-2020-20200120054830.jpg
AEDL102650,https://suvidha.eci.gov.in/uploads1/candprofile/E8/2020/AC/u05/RAMES-2020-20200121075006.jpg
AEDL100711,https://suvidha.eci.gov.in/uploads1/candprofile/E8/2020/AC/U05/Sarit-2020-20200125011321.jpg
AEDL101587,https://suvidha.eci.gov.in/uploads1/candprofile/E8/2020/AC/u05/SHARA-2020-20200117040107.jpg
AEDLJA102,https://suvidha.eci.gov.in/uploads1/candprofile/E8/2020/AC/u05/ROHIT-2020-20200120061059.jpg
AEDLJA103,https://suvidha.eci.gov.in/uploads1/candprofile/E8/2020/AC/u05/MANOJ-2020-20200121122454.jpg
AEDLJA104,https://suvidha.eci.gov.in/uploads1/candprofile/E8/2020/AC/U05/DILEE-2020-20200122104641.JPG
AEDL103352,https://suvidha.eci.gov.in/uploads1/candprofile/E8/2020/AC/U05/ROMES-2020-20200122020445.jpg
AEDLJA105,https://suvidha.eci.gov.in/uploads1/candprofile/E8/2020/AC/u05/ANIL-2020-20200121105222.jpg
AEDLJA106,https://suvidha.eci.gov.in/uploads1/candprofile/E8/2020/AC/u05/SHER-2020-20200121125852.jpg
AEDL100416,https://suvidha.eci.gov.in/uploads1/candprofile/E8/2020/AC/u05/NARES-2020-20200120014159.jpg
AEDL102571,https://suvidha.eci.gov.in/uploads1/candprofile/E8/2020/AC/u05/SHKHB-2020-20200121055221.jpg
AEDL100350,https://suvidha.eci.gov.in/uploads1/candprofile/E8/2020/AC/u05/SHIV-2020-20200120062508.jpg
AEDL100231,https://suvidha.eci.gov.in/uploads1/candprofile/E8/2020/AC/u05/REKHA-2020-20200120062650.jpg
AEDL100521,https://suvidha.eci.gov.in/uploads1/candprofile/E8/2020/AC/u05/ANIL-2020-20200120063203.jpg
AEDLJA108,https://suvidha.eci.gov.in/uploads1/candprofile/E8/2020/AC/U05/Kali-2020-20200120065734.jpg
AEDLJA109,https://suvidha.eci.gov.in/uploads1/candprofile/E8/2020/AC/u05/VIJAY-2020-20200120063236.jpg
AEDL100239,https://suvidha.eci.gov.in/uploads1/candprofile/E8/2020/AC/u05/SATYE-2020-20200120023608.jpg
AEDL102236,https://suvidha.eci.gov.in/uploads1/candprofile/E8/2020/AC/u05/SAHIR-2020-20200117022301.jpg
AEDL102125,https://suvidha.eci.gov.in/uploads1/candprofile/E8/2020/AC/u05/KARAM-2020-20200121022053.jpg
AEDL103333,https://suvidha.eci.gov.in/uploads1/candprofile/E8/2020/AC/U05/RAJES-2020-20200121062541.jpeg
AEDLJA110,https://suvidha.eci.gov.in/uploads1/candprofile/E8/2020/AC/u05/GANGA-2020-20200117050102.jpg
AEDL100992,https://suvidha.eci.gov.in/uploads1/candprofile/E8/2020/AC/U05/SOM%20D-2020-20200117060349.jpg
AEDL104818,https://suvidha.eci.gov.in/uploads1/candprofile/E8/2020/AC/u05/RAM%20S-2020-20200117052925.JPG
AEDLJA112,https://suvidha.eci.gov.in/uploads1/candprofile/E8/2020/AC/u05/HARI-2020-20200120031443.jpg
AEDLJA113,https://suvidha.eci.gov.in/uploads1/candprofile/E8/2020/AC/U05/SHIVA-2020-20200125020858.jpg
AEDLJA114,https://suvidha.eci.gov.in/uploads1/candprofile/E8/2020/AC/U05/S%20P%20S-2020-20200121013942.jpg
AEDL101200,https://suvidha.eci.gov.in/uploads1/candprofile/E8/2020/AC/U05/VINAY-2020-20200124042421.jpg
AEDLJA115,https://suvidha.eci.gov.in/uploads1/candprofile/E8/2020/AC/u05/A%20A%20M-2020-20200121063204.jpg
AEDL105238,https://suvidha.eci.gov.in/uploads1/candprofile/E8/2020/AC/u05/HAROO-2020-20200120070443.jpg
AEDL103276,https://suvidha.eci.gov.in/uploads1/candprofile/E8/2020/AC/u05/SUBHA-2020-20200120070517.jpg
AEDLJA116,https://suvidha.eci.gov.in/uploads1/candprofile/E8/2020/AC/U05/SUMAN-2020-20200121084054.jpg
AEDLJA117,https://suvidha.eci.gov.in/uploads1/candprofile/E8/2020/AC/u05/R.%20P.-2020-20200120034140.jpg
AEDL100835,https://suvidha.eci.gov.in/uploads1/candprofile/E8/2020/AC/u05/VIJAY-2020-20200120071030.jpg
AEDLJA118,https://suvidha.eci.gov.in/uploads1/candprofile/E8/2020/AC/u05/RANJI-2020-20200120071330.jpg
AEDL100525,https://suvidha.eci.gov.in/uploads1/candprofile/E8/2020/AC/U05/RAVIN-2020-20200121104608.jpg
AEDLJA119,https://suvidha.eci.gov.in/uploads1/candprofile/E8/2020/AC/u05/SURES-2020-20200120034812.jpg
AEDLJA120,https://suvidha.eci.gov.in/uploads1/candprofile/E8/2020/AC/U05/Hansr-2020-20200121065043.jpg
AEDLJA121,https://suvidha.eci.gov.in/uploads1/candprofile/E8/2020/AC/U05/PARMO-2020-20200123015336.jpeg
AEDLJA122,https://suvidha.eci.gov.in/uploads1/candprofile/E8/2020/AC/u05/SURIN-2020-20200121031351.jpg
AEDL103810,https://suvidha.eci.gov.in/uploads1/candprofile/E8/2020/AC/u05/NAVEE-2020-20200120072502.png
AEDLJA123,https://suvidha.eci.gov.in/uploads1/candprofile/E8/2020/AC/u05/RAVI-2020-20200121033506.jpg
AEDLJA124,https://suvidha.eci.gov.in/uploads1/candprofile/E8/2020/AC/U05/SATIS-2020-20200125120909.jpg
AEDL100260,https://suvidha.eci.gov.in/uploads1/candprofile/E8/2020/AC/u05/RAJES-2020-20200118034840.jpeg
AEDL100485,https://suvidha.eci.gov.in/uploads1/candprofile/E8/2020/AC/U05/GYAN-2020-20200125054628.jpg
AEDLJA125,https://suvidha.eci.gov.in/uploads1/candprofile/E8/2020/AC/u05/RAAJ-2020-20200118034903.jpg
AEDL104745,https://suvidha.eci.gov.in/uploads1/candprofile/E8/2020/AC/U05/SAT%20P-2020-20200124031148.jpg
AEDLJA126,https://suvidha.eci.gov.in/uploads1/candprofile/E8/2020/AC/u05/SAHAB-2020-20200120043216.jpg
AEDLJA127,https://suvidha.eci.gov.in/uploads1/candprofile/E8/2020/AC/u05/LAXMA-2020-20200121091312.jpg
AEDLJA128,https://suvidha.eci.gov.in/uploads1/candprofile/E8/2020/AC/U05/Ram%20C-2020-20200121051444.jpg
AEDL103952,https://suvidha.eci.gov.in/uploads1/candprofile/E8/2020/AC/U05/MOHAN-2020-20200120015535.jpg
AEDL104054,https://suvidha.eci.gov.in/uploads1/candprofile/E8/2020/AC/u05/SURIN-2020-20200120080454.JPG
AEDLJA130,https://suvidha.eci.gov.in/uploads1/candprofile/E8/2020/AC/u05/AJIT-2020-20200121091607.jpg
AEDL101007,https://suvidha.eci.gov.in/uploads1/candprofile/E8/2020/AC/u05/SUMAN-2020-20200120044226.jpg
AEDL101056,https://suvidha.eci.gov.in/uploads1/candprofile/E8/2020/AC/u05/VISHE-2020-20200118033243.jpg
AEDLJA131,https://suvidha.eci.gov.in/uploads1/candprofile/E8/2020/AC/u05/AMARJ-2020-20200120050300.jpg
AEDL101346,https://suvidha.eci.gov.in/uploads1/candprofile/E8/2020/AC/U05/SAURA-2020-20200121042918.jpg
7857,https://suvidha.eci.gov.in/uploads1/candprofile/E8/2020/AC/u05/Manje-2020-20200120083018.jpg
AEDLJA132,https://suvidha.eci.gov.in/uploads1/candprofile/E8/2020/AC/u05/SUMES-2020-20200120083207.jpg
AEDLJA133,https://suvidha.eci.gov.in/uploads1/candprofile/E8/2020/AC/u05/VIJAY-2020-20200120083511.jpg
AEDL101208,https://suvidha.eci.gov.in/uploads1/candprofile/E8/2020/AC/U05/Suren-2020-20200124044803.jpg
AEDL105215,https://suvidha.eci.gov.in/uploads1/candprofile/E8/2020/AC/U05/SHOAI-2020-20200124041143.jpg
AEDLJA134,https://suvidha.eci.gov.in/uploads1/candprofile/E8/2020/AC/u05/SANJA-2020-20200121043657.JPG
AEDLJA135,https://suvidha.eci.gov.in/uploads1/candprofile/E8/2020/AC/u05/PREET-2020-20200120051534.jpg
AEDLJA136,https://suvidha.eci.gov.in/uploads1/candprofile/E8/2020/AC/u05/RAJ%20K-2020-20200120084253.jpg
AEDLJA137,https://suvidha.eci.gov.in/uploads1/candprofile/E8/2020/AC/u05/HARCH-2020-20200121074309.jpg
AEDL102790,https://suvidha.eci.gov.in/uploads1/candprofile/E8/2020/AC/u05/SUBHA-2020-20200121074316.jpg
AEDLJA138,https://suvidha.eci.gov.in/uploads1/candprofile/E8/2020/AC/U05/RADHI-2020-20200121051913.jpg
AEDL102258,https://suvidha.eci.gov.in/uploads1/candprofile/E8/2020/AC/U05/BRAHA-2020-20200125022645.jpg
AEDLJA139,https://suvidha.eci.gov.in/uploads1/candprofile/E8/2020/AC/u05/DEEPA-2020-20200118061655.JPG
AEDL104987,https://suvidha.eci.gov.in/uploads1/candprofile/E8/2020/AC/U05/BADAN-2020-20200122010348.jpg
AEDLJA140,https://suvidha.eci.gov.in/uploads1/candprofile/E8/2020/AC/u05/SIDDH-2020-20200120054217.jpg
AEDLJA141,https://suvidha.eci.gov.in/uploads1/candprofile/E8/2020/AC/u05/PRIYA-2020-20200120103127.jpg
AEDLJA142,https://suvidha.eci.gov.in/uploads1/candprofile/E8/2020/AC/u05/DHARM-2020-20200121051436.jpg
AEDL100264,https://suvidha.eci.gov.in/uploads1/candprofile/E8/2020/AC/u05/RAJES-2020-20200121115938.jpg
AEDL100408,https://suvidha.eci.gov.in/uploads1/candprofile/E8/2020/AC/u05/SANJA-2020-20200121051649.jpg
AEDL102730,https://suvidha.eci.gov.in/uploads1/candprofile/E8/2020/AC/U05/SANJA-2020-20200120122507.bmp
AEDL103052,https://suvidha.eci.gov.in/uploads1/candprofile/E8/2020/AC/U05/CHAUD-2020-20200121053215.jpg
AEDL101161,https://suvidha.eci.gov.in/uploads1/candprofile/E8/2020/AC/u05/SUMES-2020-20200120124721.jpg
AEDLJA143,https://suvidha.eci.gov.in/uploads1/candprofile/E8/2020/AC/U05/SUNIL-2020-20200124064804.jpg
AEDLJA144,https://suvidha.eci.gov.in/uploads1/candprofile/E8/2020/AC/U05/Trive-2020-20200125011441.jpg
AEDL100357,https://suvidha.eci.gov.in/uploads1/candprofile/E8/2020/AC/u05/RAJ%20K-2020-20200120061618.jpeg
AEDLJA145,https://suvidha.eci.gov.in/uploads1/candprofile/E8/2020/AC/U05/SATIS-2020-20200121010329.jpg
AEDLJA146,https://suvidha.eci.gov.in/uploads1/candprofile/E8/2020/AC/u05/RAJBI-2020-20200121055923.jpg
AEDLJA147,https://suvidha.eci.gov.in/uploads1/candprofile/E8/2020/AC/u05/ALLAH-2020-20200120021140.JPG
AEDL100390,https://suvidha.eci.gov.in/uploads1/candprofile/E8/2020/AC/u05/JARNA-2020-20200121014745.jpg
AEDL103530,https://suvidha.eci.gov.in/uploads1/candprofile/E8/2020/AC/u05/SUREN-2020-20200120063810.jpg
7028,https://suvidha.eci.gov.in/uploads1/candprofile/E8/2020/AC/u05/D%20K%20C-2020-20200116051915.jpg
AEDLJA148,https://suvidha.eci.gov.in/uploads1/candprofile/E8/2020/AC/U05/DHANJ-2020-20200124031806.jpg
AEDLJA149,https://suvidha.eci.gov.in/uploads1/candprofile/E8/2020/AC/U05/Bhart-2020-20200117112545.jpg
AEDLJA150,https://suvidha.eci.gov.in/uploads1/candprofile/E8/2020/AC/u05/DEVAN-2020-20200121083336.jpg
AEDLJA151,https://suvidha.eci.gov.in/uploads1/candprofile/E8/2020/AC/u05/CHET-2020-20200120023603.jpg
AEDLJA152,https://suvidha.eci.gov.in/uploads1/candprofile/E8/2020/AC/u05/SHOBH-2020-20200117020241.jpg
AEDLJA153,https://suvidha.eci.gov.in/uploads1/candprofile/E8/2020/AC/U05/Manis-2020-20200125011538.jpg
AEDLJA154,https://suvidha.eci.gov.in/uploads1/candprofile/E8/2020/AC/u05/ANIL-2020-20200117035035.jpg
AEDLJA155,https://suvidha.eci.gov.in/uploads1/candprofile/E8/2020/AC/u05/HARIK-2020-20200120025513.jpeg
AEDLJA156,https://suvidha.eci.gov.in/uploads1/candprofile/E8/2020/AC/u05/DILIP-2020-20200120030337.jpg
AEDL105028,https://suvidha.eci.gov.in/uploads1/candprofile/E8/2020/AC/u05/NARES-2020-20200120030444.jpg
AEDLJA157,https://suvidha.eci.gov.in/uploads1/candprofile/E8/2020/AC/U05/AMBIK-2020-20200123015141.jpeg
AEDLJA158,https://suvidha.eci.gov.in/uploads1/candprofile/E8/2020/AC/u05/UMESH-2020-20200120043851.jpg
AEDLJA159,https://suvidha.eci.gov.in/uploads1/candprofile/E8/2020/AC/U05/SURAJ-2020-20200125121614.jpg
AEDLJA160,https://suvidha.eci.gov.in/uploads1/candprofile/E8/2020/AC/U05/DEVEN-2020-20200120072517.jpg
AEDLJA161,https://suvidha.eci.gov.in/uploads1/candprofile/E8/2020/AC/u05/ANIMA-2020-20200121085536.jpg
AEDLJA162,https://suvidha.eci.gov.in/uploads1/candprofile/E8/2020/AC/U05/JANAB-2020-20200118031636.jpg
AEDLJA163,https://suvidha.eci.gov.in/uploads1/candprofile/E8/2020/AC/u05/KRISH-2020-20200121064811.jpg
AEDL100484,https://suvidha.eci.gov.in/uploads1/candprofile/E8/2020/AC/u05/SANDE-2020-20200120041312.jpg
AEDLJA165,https://suvidha.eci.gov.in/uploads1/candprofile/E8/2020/AC/u05/SHASH-2020-20200118031752.jpg
AEDL102443,https://suvidha.eci.gov.in/uploads1/candprofile/E8/2020/AC/u05/SUREN-2020-20200120041800.jpg
AEDL101185,https://suvidha.eci.gov.in/uploads1/candprofile/E8/2020/AC/u05/BAIDY-2020-20200120042608.jpg
AEDLJA166,https://suvidha.eci.gov.in/uploads1/candprofile/E8/2020/AC/u05/RANDH-2020-20200118040645.jpg
AEDLJA167,https://suvidha.eci.gov.in/uploads1/candprofile/E8/2020/AC/u05/AJAY-2020-20200121035250.jpg
AEDLJA168,https://suvidha.eci.gov.in/uploads1/candprofile/E8/2020/AC/U05/DEEPA-2020-20200121070125.jpeg
AEDLJA169,https://suvidha.eci.gov.in/uploads1/candprofile/E8/2020/AC/u05/ANIL-2020-20200121070439.jpg
GEDL15406,https://suvidha.eci.gov.in/uploads1/candprofile/E8/2020/AC/u05/NARES-2020-20200121040727.jpg
AEDLJA170,https://suvidha.eci.gov.in/uploads1/candprofile/E8/2020/AC/u05/PRAVE-2020-20200121071514.jpg
AEDLJA171,https://suvidha.eci.gov.in/uploads1/candprofile/E8/2020/AC/U05/ISRAR-2020-20200124045100.jpg
AEDLJA172,https://suvidha.eci.gov.in/uploads1/candprofile/E8/2020/AC/u05/UMA%20D-2020-20200118045134.jpg
AEDLJA173,https://suvidha.eci.gov.in/uploads1/candprofile/E8/2020/AC/u05/MUKES-2020-20200121092036.jpg
AEDLJA174,https://suvidha.eci.gov.in/uploads1/candprofile/E8/2020/AC/u05/MUKES-2020-20200121071810.jpg
AEDL100768,https://suvidha.eci.gov.in/uploads1/candprofile/E8/2020/AC/u05/RANJI-2020-20200120044724.jpg
AEDLJA175,https://suvidha.eci.gov.in/uploads1/candprofile/E8/2020/AC/u05/DR.%20A-2020-20200118045453.jpg
AEDLJA176,https://suvidha.eci.gov.in/uploads1/candprofile/E8/2020/AC/u05/GAURA-2020-20200120045244.png
AEDLJA177,https://suvidha.eci.gov.in/uploads1/candprofile/E8/2020/AC/u05/Chara-2020-20200120082225.jpg
AEDLJA178,https://suvidha.eci.gov.in/uploads1/candprofile/E8/2020/AC/U05/AJAY-2020-20200120053207.jpg
AEDLJA179,https://suvidha.eci.gov.in/uploads1/candprofile/E8/2020/AC/u05/RAKES-2020-20200118053420.jpeg
AEDLJA180,https://suvidha.eci.gov.in/uploads1/candprofile/E8/2020/AC/U05/PARVE-2020-20200121054820.jpg
AEDL102881,https://suvidha.eci.gov.in/uploads1/candprofile/E8/2020/AC/u05/KAILA-2020-20200120090643.jpg
AEDLJA181,https://suvidha.eci.gov.in/uploads1/candprofile/E8/2020/AC/U05/MANOJ-2020-20200122010249.jpg
AEDLJA182,https://suvidha.eci.gov.in/uploads1/candprofile/E8/2020/AC/U05/ANIL-2020-20200122111503.JPG
7824,https://suvidha.eci.gov.in/uploads1/candprofile/E8/2020/AC/u05/RAMVI-2020-20200121094657.JPG
AEDLJA183,https://suvidha.eci.gov.in/uploads1/candprofile/E8/2020/AC/u05/NIRMA-2020-20200121074708.jpg
AEDL102192,https://suvidha.eci.gov.in/uploads1/candprofile/E8/2020/AC/u05/DAL%20C-2020-20200121050041.jpg
AEDLJA184,https://suvidha.eci.gov.in/uploads1/candprofile/E8/2020/AC/U05/M.I.-2020-20200125023320.jpg
AEDLJA185,https://suvidha.eci.gov.in/uploads1/candprofile/E8/2020/AC/U05/CHAND-2020-20200121082831.jpg
AEDLJA186,https://suvidha.eci.gov.in/uploads1/candprofile/E8/2020/AC/u05/CHAND-2020-20200120054829.jpg
AEDLJA187,https://suvidha.eci.gov.in/uploads1/candprofile/E8/2020/AC/U05/MAHIP-2020-20200121052123.jpg
AEDLJA188,https://suvidha.eci.gov.in/uploads1/candprofile/E8/2020/AC/u05/RAHIS-2020-20200121121207.jpg
AEDL102073,https://suvidha.eci.gov.in/uploads1/candprofile/E8/2020/AC/U05/DEEPA-2020-20200124042634.jpg
AEDLJA189,https://suvidha.eci.gov.in/uploads1/candprofile/E8/2020/AC/U05/SHAKT-2020-20200122062324.jpg
AEDLJA190,https://suvidha.eci.gov.in/uploads1/candprofile/E8/2020/AC/u05/DINES-2020-20200120061034.jpeg
AEDLJA191,https://suvidha.eci.gov.in/uploads1/candprofile/E8/2020/AC/U05/Rambh-2020-20200120062416.jpg
AEDLJA192,https://suvidha.eci.gov.in/uploads1/candprofile/E8/2020/AC/u05/VIREN-2020-20200120125424.jpg
AEDLJA193,https://suvidha.eci.gov.in/uploads1/candprofile/E8/2020/AC/u05/AVNI-2020-20200120061633.jpg
AEDLJA194,https://suvidha.eci.gov.in/uploads1/candprofile/E8/2020/AC/U05/MOBIN-2020-20200125054819.jpg
AEDLJA195,https://suvidha.eci.gov.in/uploads1/candprofile/E8/2020/AC/u05/ARUN-2020-20200120061729.jpg
AEDLJA196,https://suvidha.eci.gov.in/uploads1/candprofile/E8/2020/AC/u05/ARVIN-2020-20200121110021.jpg
AEDLJA197,https://suvidha.eci.gov.in/uploads1/candprofile/E8/2020/AC/U05/HAJI-2020-20200118040302.jpg
AEDLJA198,https://suvidha.eci.gov.in/uploads1/candprofile/E8/2020/AC/U05/MD%20AM-2020-20200122033323.jpg
AEDLJA199,https://suvidha.eci.gov.in/uploads1/candprofile/E8/2020/AC/U05/SUMAN-2020-20200120071351.jpg
AEDLJA200,https://suvidha.eci.gov.in/uploads1/candprofile/E8/2020/AC/U05/AJEET-2020-20200122122302.jpg
AEDLJA201,https://suvidha.eci.gov.in/uploads1/candprofile/E8/2020/AC/u05/PRATA-2020-20200121081510.jpg
AEDL100781,https://suvidha.eci.gov.in/uploads1/candprofile/E8/2020/AC/U05/SANJE-2020-20200125080042.JPG
AEDLJA202,https://suvidha.eci.gov.in/uploads1/candprofile/E8/2020/AC/U05/SHIKH-2020-20200122061518.jpg
AEDLJA203,https://suvidha.eci.gov.in/uploads1/candprofile/E8/2020/AC/U05/KAMAL-2020-20200125055051.jpg
AEDLJA204,https://suvidha.eci.gov.in/uploads1/candprofile/E8/2020/AC/u05/BABU-2020-20200121082306.JPG
AEDLJA205,https://suvidha.eci.gov.in/uploads1/candprofile/E8/2020/AC/u05/NISHA-2020-20200115033805.JPG
AEDLJA206,https://suvidha.eci.gov.in/uploads1/candprofile/E8/2020/AC/u05/GOPAL-2020-20200120023254.jpg
AEDLJA207,https://suvidha.eci.gov.in/uploads1/candprofile/E8/2020/AC/U05/SUHAI-2020-20200124045208.jpg
AEDL101330,https://suvidha.eci.gov.in/uploads1/candprofile/E8/2020/AC/U05/Shiv-2020-20200121063050.jpg
AEDLJA208,https://suvidha.eci.gov.in/uploads1/candprofile/E8/2020/AC/U05/SATEN-2020-20200117040627.jpg
AEDLJA209,https://suvidha.eci.gov.in/uploads1/candprofile/E8/2020/AC/u05/AJIT-2020-20200120065238.jpg
AEDLJA210,https://suvidha.eci.gov.in/uploads1/candprofile/E8/2020/AC/u05/RAJIV-2020-20200121062535.jpg
AEDLJA211,https://suvidha.eci.gov.in/uploads1/candprofile/E8/2020/AC/U05/NITU-2020-20200124031444.jpg
AEDLJA212,https://suvidha.eci.gov.in/uploads1/candprofile/E8/2020/AC/U05/IMRAN-2020-20200120032732.jpg
AEDLJA213,https://suvidha.eci.gov.in/uploads1/candprofile/E8/2020/AC/u05/AJIT-2020-20200121024937.jpg
AEDLJA214,https://suvidha.eci.gov.in/uploads1/candprofile/E8/2020/AC/U05/AMITA-2020-20200125080339.JPG
AEDLJA215,https://suvidha.eci.gov.in/uploads1/candprofile/E8/2020/AC/U05/PRADE-2020-20200125072930.jpg
AEDLJA216,https://suvidha.eci.gov.in/uploads1/candprofile/E8/2020/AC/u05/R%20D%20T-2020-20200121090034.jpg
AEDLJA217,https://suvidha.eci.gov.in/uploads1/candprofile/E8/2020/AC/u05/VIJAY-2020-20200121064612.jpg
AEDLJA218,https://suvidha.eci.gov.in/uploads1/candprofile/E8/2020/AC/u05/TARUN-2020-20200120072801.jpg
AEDLJA219,https://suvidha.eci.gov.in/uploads1/candprofile/E8/2020/AC/u05/RAKES-2020-20200120041640.jpeg
AEDL100390,https://suvidha.eci.gov.in/uploads1/candprofile/E8/2020/AC/u05/JARNA-2020-20200121034458.jpg
AEDLJA220,https://suvidha.eci.gov.in/uploads1/candprofile/E8/2020/AC/u05/RASHM-2020-20200118035648.jpg
6972,https://suvidha.eci.gov.in/uploads1/candprofile/E8/2020/AC/u05/RAJES-2020-20200120074542.jpg
AEDLJA221,https://suvidha.eci.gov.in/uploads1/candprofile/E8/2020/AC/u05/Munis-2020-20200121065809.jpg
AEDLJA222,https://suvidha.eci.gov.in/uploads1/candprofile/E8/2020/AC/u05/KALI-2020-20200120043239.jpg
AEDLJA223,https://suvidha.eci.gov.in/uploads1/candprofile/E8/2020/AC/u05/KAPIL-2020-20200120043145.jpg
AEDLJA224,https://suvidha.eci.gov.in/uploads1/candprofile/E8/2020/AC/U05/DR.%20C-2020-20200125023115.jpg
AEDLJA225,https://suvidha.eci.gov.in/uploads1/candprofile/E8/2020/AC/U05/RAM%20K-2020-20200125121150.jpg
AEDLJA226,https://suvidha.eci.gov.in/uploads1/candprofile/E8/2020/AC/u05/NAR%20S-2020-20200121091552.jpg
AEDLJA227,https://suvidha.eci.gov.in/uploads1/candprofile/E8/2020/AC/u05/Dr.%20T-2020-20200118043840.jpg
AEDLJA228,https://suvidha.eci.gov.in/uploads1/candprofile/E8/2020/AC/U05/Rames-2020-20200121071555.jpg
AEDLJA229,https://suvidha.eci.gov.in/uploads1/candprofile/E8/2020/AC/u05/RAMES-2020-20200121071650.jpg
AEDLJA230,https://suvidha.eci.gov.in/uploads1/candprofile/E8/2020/AC/U05/RAJES-2020-20200122125853.jpg
AEDLJA231,https://suvidha.eci.gov.in/uploads1/candprofile/E8/2020/AC/u05/SUDHI-2020-20200121092219.jpg
AEDLJA232,https://suvidha.eci.gov.in/uploads1/candprofile/E8/2020/AC/u05/RADHY-2020-20200121042315.jpg
AEDLJA233,https://suvidha.eci.gov.in/uploads1/candprofile/E8/2020/AC/U05/ADITI-2020-20200122012020.jpg
AEDLJA234,https://suvidha.eci.gov.in/uploads1/candprofile/E8/2020/AC/U05/NAND-2020-20200118051814.jpg
AEDLJA235,https://suvidha.eci.gov.in/uploads1/candprofile/E8/2020/AC/U05/MAHEN-2020-20200121075533.jpg
AEDLJA236,https://suvidha.eci.gov.in/uploads1/candprofile/E8/2020/AC/U05/BABU-2020-20200123015446.jpeg
AEDLJA237,https://suvidha.eci.gov.in/uploads1/candprofile/E8/2020/AC/u05/DEEPA-2020-20200121073953.png
AEDLJA238,https://suvidha.eci.gov.in/uploads1/candprofile/E8/2020/AC/u05/WAHEE-2020-20200120084437.jpg
AEDLJA239,https://suvidha.eci.gov.in/uploads1/candprofile/E8/2020/AC/u05/AWDES-2020-20200118053347.jpg
AEDLJA240,https://suvidha.eci.gov.in/uploads1/candprofile/E8/2020/AC/u05/BRIJ-2020-20200118071654.JPG
7020,https://suvidha.eci.gov.in/uploads1/candprofile/E8/2020/AC/U05/RAMES-2020-20200118062706.jpg
AEDLJA241,https://suvidha.eci.gov.in/uploads1/candprofile/E8/2020/AC/U05/VIREN-2020-20200120053206.jpeg
AEDLJA242,https://suvidha.eci.gov.in/uploads1/candprofile/E8/2020/AC/U05/Sanje-2020-20200125011254.jpg
AEDLJA243,https://suvidha.eci.gov.in/uploads1/candprofile/E8/2020/AC/u05/KUMAR-2020-20200120100255.jpg
AEDL100635,https://suvidha.eci.gov.in/uploads1/candprofile/E8/2020/AC/u05/MOHD.-2020-20200121075154.jpg
AEDLJA244,https://suvidha.eci.gov.in/uploads1/candprofile/E8/2020/AC/u05/NAREN-2020-20200121075601.jpg
AEDLJA245,https://suvidha.eci.gov.in/uploads1/candprofile/E8/2020/AC/U05/BALJE-2020-20200124042358.jpg
AEDLJA246,https://suvidha.eci.gov.in/uploads1/candprofile/E8/2020/AC/U05/JAI%20S-2020-20200121112914.jpg
AEDLJA247,https://suvidha.eci.gov.in/uploads1/candprofile/E8/2020/AC/U05/DR.%20S-2020-20200125020829.jpg
AEDLJA248,https://suvidha.eci.gov.in/uploads1/candprofile/E8/2020/AC/u05/Nagen-2020-20200120055008.jpg
AEDLJA249,https://suvidha.eci.gov.in/uploads1/candprofile/E8/2020/AC/U05/RAJES-2020-20200123061008.jpg
AEDLJA250,https://suvidha.eci.gov.in/uploads1/candprofile/E8/2020/AC/u05/RAVIN-2020-20200121051623.png
AEDLJA251,https://suvidha.eci.gov.in/uploads1/candprofile/E8/2020/AC/u05/AKSHT-2020-20200120055950.jpg
AEDLJA252,https://suvidha.eci.gov.in/uploads1/candprofile/E8/2020/AC/U05/AMAR-2020-20200120061134.jpeg
AEDLJA253,https://suvidha.eci.gov.in/uploads1/candprofile/E8/2020/AC/u05/SAURA-2020-20200121102651.jpg
AEDLJA254,https://suvidha.eci.gov.in/uploads1/candprofile/E8/2020/AC/u05/RAVI-2020-20200121052447.jpg
AEDLJA255,https://suvidha.eci.gov.in/uploads1/candprofile/E8/2020/AC/u05/AKASH-2020-20200121122352.jpg
AEDLJA256,https://suvidha.eci.gov.in/uploads1/candprofile/E8/2020/AC/U05/SUKHD-2020-20200120021342.jpg
AEDLJA257,https://suvidha.eci.gov.in/uploads1/candprofile/E8/2020/AC/u05/ZAFAR-2020-20200120061059.jpg
AEDL100996,https://suvidha.eci.gov.in/uploads1/candprofile/E8/2020/AC/u05/JAI%20P-2020-20200121053151.jpg
AEDLJA258,https://suvidha.eci.gov.in/uploads1/candprofile/E8/2020/AC/u05/MD%20RI-2020-20200121105524.jpg
AEDLJA259,https://suvidha.eci.gov.in/uploads1/candprofile/E8/2020/AC/u05/ANIL-2020-20200121125654.jpg
6894,https://suvidha.eci.gov.in/uploads1/candprofile/E8/2020/AC/u05/KAMAL-2020-20200121054243.jpeg
AEDLJA260,https://suvidha.eci.gov.in/uploads1/candprofile/E8/2020/AC/u05/CHAMA-2020-20200121081456.jpg
AEDLJA261,https://suvidha.eci.gov.in/uploads1/candprofile/E8/2020/AC/U05/MOHIN-2020-20200114050630.jpeg
AEDLJA262,https://suvidha.eci.gov.in/uploads1/candprofile/E8/2020/AC/u05/JAI%20K-2020-20200120015908.jpg
AEDLJA263,https://suvidha.eci.gov.in/uploads1/candprofile/E8/2020/AC/u05/VIJAY-2020-20200121055902.jpg
AEDLJA264,https://suvidha.eci.gov.in/uploads1/candprofile/E8/2020/AC/u05/NAREN-2020-20200121082152.jpg
AEDLJA265,https://suvidha.eci.gov.in/uploads1/candprofile/E8/2020/AC/u05/IMRAN-2020-20200116025148.jpg
AEDLJA266,https://suvidha.eci.gov.in/uploads1/candprofile/E8/2020/AC/U05/RAJES-2020-20200123015026.jpeg
AEDLJA267,https://suvidha.eci.gov.in/uploads1/candprofile/E8/2020/AC/u05/BIMLE-2020-20200121021137.jpg
AEDLJA268,https://suvidha.eci.gov.in/uploads1/candprofile/E8/2020/AC/u05/MUKHR-2020-20200121061658.jpg
GEDL80723,https://suvidha.eci.gov.in/uploads1/candprofile/E8/2020/AC/u05/LUKMA-2020-20200121061720.jpg
AEDLJA269,https://suvidha.eci.gov.in/uploads1/candprofile/E8/2020/AC/U05/SUNIL-2020-20200117041405.jpg
AEDLJA270,https://suvidha.eci.gov.in/uploads1/candprofile/E8/2020/AC/u05/POONA-2020-20200121061819.png
AEDLJA271,https://suvidha.eci.gov.in/uploads1/candprofile/E8/2020/AC/U05/PARDE-2020-20200124030619.jpg
AEDLJA272,https://suvidha.eci.gov.in/uploads1/candprofile/E8/2020/AC/u05/SADHN-2020-20200117041721.JPG
AEDLJA273,https://suvidha.eci.gov.in/uploads1/candprofile/E8/2020/AC/U05/LALIT-2020-20200122010523.jpg
AEDLJA274,https://suvidha.eci.gov.in/uploads1/candprofile/E8/2020/AC/u05/SATPA-2020-20200121063233.jpg
AEDLJA275,https://suvidha.eci.gov.in/uploads1/candprofile/E8/2020/AC/U05/AMIT-2020-20200124064630.jpg
AEDLJA276,https://suvidha.eci.gov.in/uploads1/candprofile/E8/2020/AC/U05/SHAWK-2020-20200118051910.jpeg
AEDLJA277,https://suvidha.eci.gov.in/uploads1/candprofile/E8/2020/AC/u05/PARVE-2020-20200121031433.jpg
AEDLJA278,https://suvidha.eci.gov.in/uploads1/candprofile/E8/2020/AC/U05/YADUB-2020-20200122084911.jpg
AEDLJA279,https://suvidha.eci.gov.in/uploads1/candprofile/E8/2020/AC/u05/RANJA-2020-20200121032258.JPG
AEDLJA280,https://suvidha.eci.gov.in/uploads1/candprofile/E8/2020/AC/U05/Anupa-2020-20200125011514.jpg
AEDLJA281,https://suvidha.eci.gov.in/uploads1/candprofile/E8/2020/AC/u05/RAM%20B-2020-20200120074409.jpg
AEDLJA282,https://suvidha.eci.gov.in/uploads1/candprofile/E8/2020/AC/U05/SHASH-2020-20200122051612.jpg
AEDLJA283,https://suvidha.eci.gov.in/uploads1/candprofile/E8/2020/AC/U05/RAM%20P-2020-20200125121115.jpg
AEDLJA284,https://suvidha.eci.gov.in/uploads1/candprofile/E8/2020/AC/u05/Sures-2020-20200120075351.jpg
AEDLJA285,https://suvidha.eci.gov.in/uploads1/candprofile/E8/2020/AC/u05/JUGAL-2020-20200118041908.jpeg
AEDL101030,https://suvidha.eci.gov.in/uploads1/candprofile/E8/2020/AC/u05/MOHD-2020-20200121091253.jpg
AEDL100689,https://suvidha.eci.gov.in/uploads1/candprofile/E8/2020/AC/u05/MD.%20H-2020-20200120075811.png
AEDLJA286,https://suvidha.eci.gov.in/uploads1/candprofile/E8/2020/AC/u05/DIGAM-2020-20200120075858.jpg
AEDLJA287,https://suvidha.eci.gov.in/uploads1/candprofile/E8/2020/AC/U05/DEEP-2020-20200125123816.jpg
AEDLJA288,https://suvidha.eci.gov.in/uploads1/candprofile/E8/2020/AC/U05/MOHD.-2020-20200120044048.jpg
AEDLJA289,https://suvidha.eci.gov.in/uploads1/candprofile/E8/2020/AC/u05/SUBHA-2020-20200118044115.jpg
AEDLJA290,https://suvidha.eci.gov.in/uploads1/candprofile/E8/2020/AC/U05/PRINC-2020-20200121041628.jpg
AEDLJA291,https://suvidha.eci.gov.in/uploads1/candprofile/E8/2020/AC/u05/Sachi-2020-20200120045354.jpg
AEDLJA292,https://suvidha.eci.gov.in/uploads1/candprofile/E8/2020/AC/u05/NAVEE-2020-20200121042750.jpg
AEDLJA293,https://suvidha.eci.gov.in/uploads1/candprofile/E8/2020/AC/u05/KAVIT-2020-20200121092719.jpeg
AEDLJA294,https://suvidha.eci.gov.in/uploads1/candprofile/E8/2020/AC/U05/Gayat-2020-20200121075600.jpg
AEDLJA295,https://suvidha.eci.gov.in/uploads1/candprofile/E8/2020/AC/u05/USHA-2020-20200118052142.jpg
AEDLJA296,https://suvidha.eci.gov.in/uploads1/candprofile/E8/2020/AC/U05/TASLE-2020-20200125022054.jpg
AEDLJA297,https://suvidha.eci.gov.in/uploads1/candprofile/E8/2020/AC/u05/AKSHA-2020-20200121045130.jpg
AEDLJA298,https://suvidha.eci.gov.in/uploads1/candprofile/E8/2020/AC/u05/VINAY-2020-20200121094205.jpg
AEDLJA299,https://suvidha.eci.gov.in/uploads1/candprofile/E8/2020/AC/u05/RAJIV-2020-20200121074532.jpg
AEDLJA300,https://suvidha.eci.gov.in/uploads1/candprofile/E8/2020/AC/u05/DHARM-2020-20200121074923.jpg
AEDLJA301,https://suvidha.eci.gov.in/uploads1/candprofile/E8/2020/AC/u05/MAYAN-2020-20200120054000.jpg
AEDLJA302,https://suvidha.eci.gov.in/uploads1/candprofile/E8/2020/AC/U05/SHYAM-2020-20200120055054.jpg
AEDLJA303,https://suvidha.eci.gov.in/uploads1/candprofile/E8/2020/AC/u05/SAJID-2020-20200120054746.jpg
AEDLJA304,https://suvidha.eci.gov.in/uploads1/candprofile/E8/2020/AC/u05/SATDE-2020-20200118081800.jpg
AEDLJA305,https://suvidha.eci.gov.in/uploads1/candprofile/E8/2020/AC/u05/RAMES-2020-20200121115845.jpg
AEDLJA306,https://suvidha.eci.gov.in/uploads1/candprofile/E8/2020/AC/U05/RAJNE-2020-20200124042341.jpg
AEDLJA307,https://suvidha.eci.gov.in/uploads1/candprofile/E8/2020/AC/u05/PRADE-2020-20200121075932.jpg
AEDLJA308,https://suvidha.eci.gov.in/uploads1/candprofile/E8/2020/AC/U05/SHANU-2020-20200120125900.jpg
AEDL100546,https://suvidha.eci.gov.in/uploads1/candprofile/E8/2020/AC/u05/MAHIP-2020-20200121081135.jpg
AEDLJA309,https://suvidha.eci.gov.in/uploads1/candprofile/E8/2020/AC/U05/Harit-2020-20200120065436.jpg
AEDLJA310,https://suvidha.eci.gov.in/uploads1/candprofile/E8/2020/AC/u05/PRATA-2020-20200120014416.jpg
AEDLJA311,https://suvidha.eci.gov.in/uploads1/candprofile/E8/2020/AC/u05/SHEEL-2020-20200121055300.jpg
AEDLJA312,https://suvidha.eci.gov.in/uploads1/candprofile/E8/2020/AC/u05/KAMAL-2020-20200115023602.jpg
AEDLJA313,https://suvidha.eci.gov.in/uploads1/candprofile/E8/2020/AC/u05/ANITA-2020-20200116042058.jpg
AEDLJA314,https://suvidha.eci.gov.in/uploads1/candprofile/E8/2020/AC/u05/VIJAY-2020-20200120023453.jpg
AEDLJA315,https://suvidha.eci.gov.in/uploads1/candprofile/E8/2020/AC/u05/SUNIT-2020-20200120025927.jpg
6955,https://suvidha.eci.gov.in/uploads1/candprofile/E8/2020/AC/u05/ASHOK-2020-20200121083732.JPG
AEDLJA316,https://suvidha.eci.gov.in/uploads1/candprofile/E8/2020/AC/u05/SADEQ-2020-20200120024832.jpg
AEDLJA317,https://suvidha.eci.gov.in/uploads1/candprofile/E8/2020/AC/u05/RAJES-2020-20200120064449.jpg
AEDLJA318,https://suvidha.eci.gov.in/uploads1/candprofile/E8/2020/AC/U05/SEEMA-2020-20200125121457.jpg
AEDLJA319,https://suvidha.eci.gov.in/uploads1/candprofile/E8/2020/AC/U05/SADEQ-2020-20200117052602.JPG
AEDLJA320,https://suvidha.eci.gov.in/uploads1/candprofile/E8/2020/AC/U05/RAJIV-2020-20200121071829.jpg
AEDL101203,https://suvidha.eci.gov.in/uploads1/candprofile/E8/2020/AC/U05/SAROJ-2020-20200121084017.jpg
AEDLJA321,https://suvidha.eci.gov.in/uploads1/candprofile/E8/2020/AC/u05/RAKES-2020-20200121024619.jpg
AEDLJA322,https://suvidha.eci.gov.in/uploads1/candprofile/E8/2020/AC/u05/SHOAI-2020-20200121085029.jpg
AEDLJA323,https://suvidha.eci.gov.in/uploads1/candprofile/E8/2020/AC/U05/MAYA-2020-20200122121123.jpg
AEDLJA324,https://suvidha.eci.gov.in/uploads1/candprofile/E8/2020/AC/u05/RAJBA-2020-20200121085915.jpg
AEDLJA325,https://suvidha.eci.gov.in/uploads1/candprofile/E8/2020/AC/U05/MOHAM-2020-20200121032819.jpg
AEDLJA326,https://suvidha.eci.gov.in/uploads1/candprofile/E8/2020/AC/U05/Panka-2020-20200125011601.jpg
AEDLJA327,https://suvidha.eci.gov.in/uploads1/candprofile/E8/2020/AC/u05/MADAN-2020-20200121033105.jpeg
AEDLJA328,https://suvidha.eci.gov.in/uploads1/candprofile/E8/2020/AC/u05/Ishwa-2020-20200121065812.jpg
AEDLJA329,https://suvidha.eci.gov.in/uploads1/candprofile/E8/2020/AC/U05/NAMAH-2020-20200125121655.jpg
AEDLJA330,https://suvidha.eci.gov.in/uploads1/candprofile/E8/2020/AC/U05/SANTO-2020-20200123060904.jpg
AEDLJA331,https://suvidha.eci.gov.in/uploads1/candprofile/E8/2020/AC/u05/RAJEE-2020-20200120075720.jpg
AEDLJA332,https://suvidha.eci.gov.in/uploads1/candprofile/E8/2020/AC/u05/MANIS-2020-20200118042204.jpg
AEDLJA333,https://suvidha.eci.gov.in/uploads1/candprofile/E8/2020/AC/u05/SHATR-2020-20200118043514.jpg
AEDLJA334,https://suvidha.eci.gov.in/uploads1/candprofile/E8/2020/AC/U05/VIKAS-2020-20200123012414.jpeg
AEDLJA335,https://suvidha.eci.gov.in/uploads1/candprofile/E8/2020/AC/u05/KRISH-2020-20200120045231.jpg
AEDLJA336,https://suvidha.eci.gov.in/uploads1/candprofile/E8/2020/AC/U05/ASHOK-2020-20200120091414.jpg
AEDLJA337,https://suvidha.eci.gov.in/uploads1/candprofile/E8/2020/AC/u05/MULAY-2020-20200118050503.jpg
AEDLJA338,https://suvidha.eci.gov.in/uploads1/candprofile/E8/2020/AC/u05/BALJE-2020-20200121093000.jpg
AEDLJA339,https://suvidha.eci.gov.in/uploads1/candprofile/E8/2020/AC/U05/MANOJ-2020-20200124032106.jpg
AEDLJA340,https://suvidha.eci.gov.in/uploads1/candprofile/E8/2020/AC/u05/RAHUL-2020-20200121073725.png
AEDLJA341,https://suvidha.eci.gov.in/uploads1/candprofile/E8/2020/AC/u05/HANSA-2020-20200121074454.jpg
AEDLJA342,https://suvidha.eci.gov.in/uploads1/candprofile/E8/2020/AC/u05/KAUSH-2020-20200121095959.jpg
AEDL100822,https://suvidha.eci.gov.in/uploads1/candprofile/E8/2020/AC/U05/JAGAN-2020-20200125081858.JPG
AEDLJA343,https://suvidha.eci.gov.in/uploads1/candprofile/E8/2020/AC/u05/SANJE-2020-20200121100552.JPG
AEDLJA344,https://suvidha.eci.gov.in/uploads1/candprofile/E8/2020/AC/u05/SUREN-2020-20200121114653.jpg
AEDLJA345,https://suvidha.eci.gov.in/uploads1/candprofile/E8/2020/AC/u05/VANDA-2020-20200121051433.jpg
AEDLJA346,https://suvidha.eci.gov.in/uploads1/candprofile/E8/2020/AC/U05/GAUTA-2020-20200124042610.jpg
AEDLJA347,https://suvidha.eci.gov.in/uploads1/candprofile/E8/2020/AC/u05/Giris-2020-20200121080033.jpg
AEDLJA348,https://suvidha.eci.gov.in/uploads1/candprofile/E8/2020/AC/U05/PRADE-2020-20200120123625.jpg
AEDLJA349,https://suvidha.eci.gov.in/uploads1/candprofile/E8/2020/AC/u05/VIMLA-2020-20200120124227.JPG
AEDLJA350,https://suvidha.eci.gov.in/uploads1/candprofile/E8/2020/AC/u05/BHARA-2020-20200121122103.jpg
AEDLJA351,https://suvidha.eci.gov.in/uploads1/candprofile/E8/2020/AC/U05/DEVNA-2020-20200125022713.jpg
AEDLJA352,https://suvidha.eci.gov.in/uploads1/candprofile/E8/2020/AC/u05/MD%20FA-2020-20200121080433.jpg
AEDLJA353,https://suvidha.eci.gov.in/uploads1/candprofile/E8/2020/AC/u05/SHIV-2020-20200121053651.jpg
AEDL100391,https://suvidha.eci.gov.in/uploads1/candprofile/E8/2020/AC/u05/RAJIV-2020-20200120013731.jpg
7015,https://suvidha.eci.gov.in/uploads1/candprofile/E8/2020/AC/U05/IQBAL-2020-20200124053919.jpg
AEDLJA354,https://suvidha.eci.gov.in/uploads1/candprofile/E8/2020/AC/U05/Mukes-2020-20200124041623.jpg
AEDLJA355,https://suvidha.eci.gov.in/uploads1/candprofile/E8/2020/AC/u05/SOMDU-2020-20200121013107.jpg
AEDLJA356,https://suvidha.eci.gov.in/uploads1/candprofile/E8/2020/AC/u05/SHEHN-2020-20200121060152.jpg
AEDLJA357,https://suvidha.eci.gov.in/uploads1/candprofile/E8/2020/AC/u05/MANIS-2020-20200121082528.jpg
AEDLJA358,https://suvidha.eci.gov.in/uploads1/candprofile/E8/2020/AC/u05/VIKRA-2020-20200121014416.jpg
AEDLJA359,https://suvidha.eci.gov.in/uploads1/candprofile/E8/2020/AC/u05/SURAJ-2020-20200120063258.jpg
AEDLJA360,https://suvidha.eci.gov.in/uploads1/candprofile/E8/2020/AC/u05/VIJAY-2020-20200116035849.jpg
AEDLJA361,https://suvidha.eci.gov.in/uploads1/candprofile/E8/2020/AC/U05/SANJE-2020-20200121081653.jpg
AEDLJA362,https://suvidha.eci.gov.in/uploads1/candprofile/E8/2020/AC/u05/SURES-2020-20200121084238.jpg
AEDLJA363,https://suvidha.eci.gov.in/uploads1/candprofile/E8/2020/AC/u05/VIJAY-2020-20200121062414.jpeg
AEDLJA364,https://suvidha.eci.gov.in/uploads1/candprofile/E8/2020/AC/U05/Sachi-2020-20200121062957.jpg
AEDLJA365,https://suvidha.eci.gov.in/uploads1/candprofile/E8/2020/AC/u05/POONA-2020-20200120031351.jpg
AEDL100118,https://suvidha.eci.gov.in/uploads1/candprofile/E8/2020/AC/u05/GULAB-2020-20200117054734.jpg
AEDLJA366,https://suvidha.eci.gov.in/uploads1/candprofile/E8/2020/AC/U05/MANJU-2020-20200124031905.jpg
AEDLJA367,https://suvidha.eci.gov.in/uploads1/candprofile/E8/2020/AC/U05/SANGE-2020-20200125120804.jpg
AEDLJA368,https://suvidha.eci.gov.in/uploads1/candprofile/E8/2020/AC/u05/JITEN-2020-20200118074835.jpg
AEDLJA369,https://suvidha.eci.gov.in/uploads1/candprofile/E8/2020/AC/u05/Sanje-2020-20200121090441.jpg
AEDL101398,https://suvidha.eci.gov.in/uploads1/candprofile/E8/2020/AC/U05/MUSAR-2020-20200125021824.jpg
AEDLJA370,https://suvidha.eci.gov.in/uploads1/candprofile/E8/2020/AC/u05/SHIV-2020-20200121091350.jpg
AEDLJA371,https://suvidha.eci.gov.in/uploads1/candprofile/E8/2020/AC/U05/SANT-2020-20200122125827.jpg
AEDLJA372,https://suvidha.eci.gov.in/uploads1/candprofile/E8/2020/AC/u05/RAJEE-2020-20200121041145.jpg
AEDLJA373,https://suvidha.eci.gov.in/uploads1/candprofile/E8/2020/AC/U05/M%20U%20D-2020-20200124064601.jpg
AEDLJA374,https://suvidha.eci.gov.in/uploads1/candprofile/E8/2020/AC/u05/Bir%20S-2020-20200121071446.jpg
AEDLJA375,https://suvidha.eci.gov.in/uploads1/candprofile/E8/2020/AC/U05/VINAY-2020-20200124042505.jpg
AEDLJA376,https://suvidha.eci.gov.in/uploads1/candprofile/E8/2020/AC/u05/LALIT-2020-20200120044609.jpg
AEDL100330,https://suvidha.eci.gov.in/uploads1/candprofile/E8/2020/AC/u05/ARIF-2020-20200121071807.jpg
AEDLJA377,https://suvidha.eci.gov.in/uploads1/candprofile/E8/2020/AC/u05/PRAHL-2020-20200121092553.jpg
AEDLJA378,https://suvidha.eci.gov.in/uploads1/candprofile/E8/2020/AC/u05/KRISH-2020-20200121073005.jpg
AEDLJA379,https://suvidha.eci.gov.in/uploads1/candprofile/E8/2020/AC/u05/BANDA-2020-20200121032137.jpg
AEDLJA380,https://suvidha.eci.gov.in/uploads1/candprofile/E8/2020/AC/U05/PARAS-2020-20200125080250.JPG
AEDLJA381,https://suvidha.eci.gov.in/uploads1/candprofile/E8/2020/AC/u05/SUNIL-2020-20200121074612.png
AEDL102252,https://suvidha.eci.gov.in/uploads1/candprofile/E8/2020/AC/U05/OM%20PR-2020-20200122084726.jpg
AEDLJA382,https://suvidha.eci.gov.in/uploads1/candprofile/E8/2020/AC/u05/NEESH-2020-20200121075807.JPG
AEDL102242,https://suvidha.eci.gov.in/uploads1/candprofile/E8/2020/AC/u05/REKHA-2020-20200121080220.jpg
AEDLJA384,https://suvidha.eci.gov.in/uploads1/candprofile/E8/2020/AC/U05/Manoj-2020-20200120060824.jpeg
AEDLJA385,https://suvidha.eci.gov.in/uploads1/candprofile/E8/2020/AC/u05/SHARD-2020-20200120124533.jpg
AEDLJA386,https://suvidha.eci.gov.in/uploads1/candprofile/E8/2020/AC/u05/MAN%20S-2020-20200120125101.jpg
AEDLJA387,https://suvidha.eci.gov.in/uploads1/candprofile/E8/2020/AC/u05/SANDH-2020-20200121124619.jpg
AEDLJA388,https://suvidha.eci.gov.in/uploads1/candprofile/E8/2020/AC/u05/JAKIR-2020-20200121053805.jpg
AEDLJA389,https://suvidha.eci.gov.in/uploads1/candprofile/E8/2020/AC/u05/KAVIT-2020-20200120062822.jpg
AEDLJA390,https://suvidha.eci.gov.in/uploads1/candprofile/E8/2020/AC/u05/SUREN-2020-20200121014522.jpeg
AEDL100152,https://suvidha.eci.gov.in/uploads1/candprofile/E8/2020/AC/u05/JAI%20P-2020-20200116034102.jpg
AEDLJA391,https://suvidha.eci.gov.in/uploads1/candprofile/E8/2020/AC/U05/NAREN-2020-20200122012841.jpg
AEDLJA392,https://suvidha.eci.gov.in/uploads1/candprofile/E8/2020/AC/u05/Manoj-2020-20200121085124.jpg
AEDLJA393,https://suvidha.eci.gov.in/uploads1/candprofile/E8/2020/AC/u05/VIKAS-2020-20200121030535.jpg
AEDLJA394,https://suvidha.eci.gov.in/uploads1/candprofile/E8/2020/AC/U05/BHASK-2020-20200120040138.jpg
AEDLJA395,https://suvidha.eci.gov.in/uploads1/candprofile/E8/2020/AC/u05/VIJAY-2020-20200121064316.jpg
AEDLJA396,https://suvidha.eci.gov.in/uploads1/candprofile/E8/2020/AC/u05/MANIS-2020-20200118031624.jpg
AEDLJA397,https://suvidha.eci.gov.in/uploads1/candprofile/E8/2020/AC/u05/SHIVA-2020-20200121033137.jpg
AEDL100567,https://suvidha.eci.gov.in/uploads1/candprofile/E8/2020/AC/U05/DINES-2020-20200125121730.jpg
AEDLJA398,https://suvidha.eci.gov.in/uploads1/candprofile/E8/2020/AC/U05/KANIS-2020-20200122125730.jpg
AEDL101401,https://suvidha.eci.gov.in/uploads1/candprofile/E8/2020/AC/U05/VED%20P-2020-20200125023049.jpg
AEDLJA399,https://suvidha.eci.gov.in/uploads1/candprofile/E8/2020/AC/u05/REEMA-2020-20200121041212.jpg
AEDLJA400,https://suvidha.eci.gov.in/uploads1/candprofile/E8/2020/AC/u05/NAGEN-2020-20200121072820.jpg
AEDLJA401,https://suvidha.eci.gov.in/uploads1/candprofile/E8/2020/AC/U05/CHAND-2020-20200118065452.jpg
AEDLJA402,https://suvidha.eci.gov.in/uploads1/candprofile/E8/2020/AC/u05/SUREN-2020-20200121095131.jpg
AEDLJA403,https://suvidha.eci.gov.in/uploads1/candprofile/E8/2020/AC/u05/SULES-2020-20200120053411.jpg
AEDLJA404,https://suvidha.eci.gov.in/uploads1/candprofile/E8/2020/AC/U05/YUGAL-2020-20200125080231.JPG
AEDLJA405,https://suvidha.eci.gov.in/uploads1/candprofile/E8/2020/AC/u05/RAVIN-2020-20200121095329.jpg
AEDLJA406,https://suvidha.eci.gov.in/uploads1/candprofile/E8/2020/AC/u05/SHYAM-2020-20200121095654.jpg
AEDLJA407,https://suvidha.eci.gov.in/uploads1/candprofile/E8/2020/AC/u05/CHHOT-2020-20200120095609.jpg
AEDL102238,https://suvidha.eci.gov.in/uploads1/candprofile/E8/2020/AC/u05/HANSR-2020-20200121050806.jpg
AEDLJA408,https://suvidha.eci.gov.in/uploads1/candprofile/E8/2020/AC/U05/RAM%20N-2020-20200124031719.jpg
AEDLJA409,https://suvidha.eci.gov.in/uploads1/candprofile/E8/2020/AC/u05/DINES-2020-20200121104509.jpg
AEDLJA410,https://suvidha.eci.gov.in/uploads1/candprofile/E8/2020/AC/U05/HARSH-2020-20200124042649.jpg
AEDLJA411,https://suvidha.eci.gov.in/uploads1/candprofile/E8/2020/AC/u05/ALOK-2020-20200120010906.jpg
AEDLJA412,https://suvidha.eci.gov.in/uploads1/candprofile/E8/2020/AC/U05/SANJA-2020-20200117122712.jpg
AEDLJA413,https://suvidha.eci.gov.in/uploads1/candprofile/E8/2020/AC/u05/SOM%20D-2020-20200121054334.jpg
AEDLJA414,https://suvidha.eci.gov.in/uploads1/candprofile/E8/2020/AC/u05/SUKHP-2020-20200121081338.jpg
AEDLJA415,https://suvidha.eci.gov.in/uploads1/candprofile/E8/2020/AC/U05/SABIR-2020-20200121015059.jpg
AEDLJA416,https://suvidha.eci.gov.in/uploads1/candprofile/E8/2020/AC/u05/Sachi-2020-20200121083553.jpg
AEDLJA417,https://suvidha.eci.gov.in/uploads1/candprofile/E8/2020/AC/U05/PRATA-2020-20200117044417.jpeg
AEDLJA418,https://suvidha.eci.gov.in/uploads1/candprofile/E8/2020/AC/U05/ROHIT-2020-20200125121355.jpg
AEDLJA419,https://suvidha.eci.gov.in/uploads1/candprofile/E8/2020/AC/u05/MURAR-2020-20200121031332.jpg
AEDLJA420,https://suvidha.eci.gov.in/uploads1/candprofile/E8/2020/AC/U05/RAJ%20K-2020-20200125080510.JPG
AEDLJA421,https://suvidha.eci.gov.in/uploads1/candprofile/E8/2020/AC/U05/RAKES-2020-20200121084258.jpg
AEDLJA422,https://suvidha.eci.gov.in/uploads1/candprofile/E8/2020/AC/u05/MOHD.-2020-20200121065756.jpg
AEDLJA423,https://suvidha.eci.gov.in/uploads1/candprofile/E8/2020/AC/U05/LOKEN-2020-20200124031627.jpg
AEDLJA424,https://suvidha.eci.gov.in/uploads1/candprofile/E8/2020/AC/u05/RAM%20S-2020-20200120080304.jpg
AEDLJA425,https://suvidha.eci.gov.in/uploads1/candprofile/E8/2020/AC/u05/NARES-2020-20200120045005.jpeg
GEDL43488,https://suvidha.eci.gov.in/uploads1/candprofile/E8/2020/AC/u05/VIPIN-2020-20200121072148.jpg
6997,https://suvidha.eci.gov.in/uploads1/candprofile/E8/2020/AC/u05/ADITI-2020-20200120052049.jpg
AEDLJA426,https://suvidha.eci.gov.in/uploads1/candprofile/E8/2020/AC/u05/REKHA-2020-20200121093307.jpg
AEDL101668,https://suvidha.eci.gov.in/uploads1/candprofile/E8/2020/AC/u05/VIDYA-2020-20200120090019.jpg
AEDLJA427,https://suvidha.eci.gov.in/uploads1/candprofile/E8/2020/AC/u05/DEEPA-2020-20200120052413.jpg
AEDLJA428,https://suvidha.eci.gov.in/uploads1/candprofile/E8/2020/AC/U05/SHAZI-2020-20200125022559.jpg
AEDLJA429,https://suvidha.eci.gov.in/uploads1/candprofile/E8/2020/AC/u05/GOPAL-2020-20200121094629.jpg
AEDLJA430,https://suvidha.eci.gov.in/uploads1/candprofile/E8/2020/AC/u05/SHARV-2020-20200121080328.png
AEDLJA431,https://suvidha.eci.gov.in/uploads1/candprofile/E8/2020/AC/u05/DEVEN-2020-20200121080932.jpg
AEDLJA432,https://suvidha.eci.gov.in/uploads1/candprofile/E8/2020/AC/u05/K.%20P.-2020-20200121010645.jpg
AEDLJA433,https://suvidha.eci.gov.in/uploads1/candprofile/E8/2020/AC/U05/VIPIN-2020-20200116032006.jpg
AEDLJA434,https://suvidha.eci.gov.in/uploads1/candprofile/E8/2020/AC/U05/ANIL-2020-20200124030424.jpg
AEDLJA435,https://suvidha.eci.gov.in/uploads1/candprofile/E8/2020/AC/u05/BALWA-2020-20200120051021.jpeg
AEDLJA436,https://suvidha.eci.gov.in/uploads1/candprofile/E8/2020/AC/u05/VIVEK-2020-20200121022331.jpg
AEDLJA437,https://suvidha.eci.gov.in/uploads1/candprofile/E8/2020/AC/U05/Sanje-2020-20200124071840.jpg
AEDLJA438,https://suvidha.eci.gov.in/uploads1/candprofile/E8/2020/AC/u05/SUMIT-2020-20200121025549.jpg
AEDLJA439,https://suvidha.eci.gov.in/uploads1/candprofile/E8/2020/AC/u05/HARIS-2020-20200121025801.jpg
7049,https://suvidha.eci.gov.in/uploads1/candprofile/E8/2020/AC/U05/HARSH-2020-20200125121649.jpg
AEDLJA440,https://suvidha.eci.gov.in/uploads1/candprofile/E8/2020/AC/U05/ABHAY-2020-20200125023020.jpg
AEDL100300,https://suvidha.eci.gov.in/uploads1/candprofile/E8/2020/AC/u05/SANDE-2020-20200121072527.jpg
AEDLJA441,https://suvidha.eci.gov.in/uploads1/candprofile/E8/2020/AC/u05/MANOJ-2020-20200121093110.jpg
AEDLJA442,https://suvidha.eci.gov.in/uploads1/candprofile/E8/2020/AC/U05/MAHEN-2020-20200122012308.jpg
AEDLJA443,https://suvidha.eci.gov.in/uploads1/candprofile/E8/2020/AC/u05/HARI-2020-20200121073911.jpg
AEDLJA444,https://suvidha.eci.gov.in/uploads1/candprofile/E8/2020/AC/U05/VISHA-2020-20200125080825.JPG
AEDLJA445,https://suvidha.eci.gov.in/uploads1/candprofile/E8/2020/AC/u05/SURES-2020-20200121094210.jpg
AEDLJA446,https://suvidha.eci.gov.in/uploads1/candprofile/E8/2020/AC/u05/VIKAS-2020-20200121074957.jpg
AEDLJA447,https://suvidha.eci.gov.in/uploads1/candprofile/E8/2020/AC/u05/TRIBE-2020-20200120061904.jpg
AEDLJA448,https://suvidha.eci.gov.in/uploads1/candprofile/E8/2020/AC/u05/DHARA-2020-20200121113146.jpg
AEDLJA449,https://suvidha.eci.gov.in/uploads1/candprofile/E8/2020/AC/U05/SIDDH-2020-20200120064532.jpg
AEDLJA450,https://suvidha.eci.gov.in/uploads1/candprofile/E8/2020/AC/U05/SUNIT-2020-20200121064213.jpg
AEDLJA451,https://suvidha.eci.gov.in/uploads1/candprofile/E8/2020/AC/u05/SUBHA-2020-20200120033836.jpg
AEDLJA452,https://suvidha.eci.gov.in/uploads1/candprofile/E8/2020/AC/u05/SANTO-2020-20200120041328.jpg
AEDLJA453,https://suvidha.eci.gov.in/uploads1/candprofile/E8/2020/AC/u05/RAJES-2020-20200121034320.jpeg
AEDLJA454,https://suvidha.eci.gov.in/uploads1/candprofile/E8/2020/AC/u05/KAMES-2020-20200118041915.jpg
AEDLJA455,https://suvidha.eci.gov.in/uploads1/candprofile/E8/2020/AC/u05/PANKA-2020-20200118050508.jpg
AEDLJA456,https://suvidha.eci.gov.in/uploads1/candprofile/E8/2020/AC/u05/SURJE-2020-20200121092703.jpg
AEDLJA457,https://suvidha.eci.gov.in/uploads1/candprofile/E8/2020/AC/U05/MEENA-2020-20200118054308.jpg
AEDLJA458,https://suvidha.eci.gov.in/uploads1/candprofile/E8/2020/AC/U05/SONU-2020-20200117040217.jpg
AEDLJA459,https://suvidha.eci.gov.in/uploads1/candprofile/E8/2020/AC/U05/AWANI-2020-20200125022833.jpg
AEDLJA460,https://suvidha.eci.gov.in/uploads1/candprofile/E8/2020/AC/u05/SHAMA-2020-20200121021208.jpg
AEDL102559,https://suvidha.eci.gov.in/uploads1/candprofile/E8/2020/AC/U05/JAMAL-2020-20200125021735.jpg
AEDLJA461,https://suvidha.eci.gov.in/uploads1/candprofile/E8/2020/AC/u05/HARPR-2020-20200120032356.jpg
AEDLJA462,https://suvidha.eci.gov.in/uploads1/candprofile/E8/2020/AC/u05/HARIS-2020-20200121070412.jpg
AEDLJA463,https://suvidha.eci.gov.in/uploads1/candprofile/E8/2020/AC/u05/SURAJ-2020-20200121042658.jpeg
AEDLJA464,https://suvidha.eci.gov.in/uploads1/candprofile/E8/2020/AC/U05/HEMRA-2020-20200125081126.JPG
AEDL100514,https://suvidha.eci.gov.in/uploads1/candprofile/E8/2020/AC/U05/Profe-2020-20200120092441.jpg
AEDLJA465,https://suvidha.eci.gov.in/uploads1/candprofile/E8/2020/AC/u05/PRAMO-2020-20200121112605.jpg
AEDLJA466,https://suvidha.eci.gov.in/uploads1/candprofile/E8/2020/AC/u05/SHIV-2020-20200121033943.jpg
AEDLJA467,https://suvidha.eci.gov.in/uploads1/candprofile/E8/2020/AC/u05/AJAY-2020-20200121073553.jpg
AEDLJA468,https://suvidha.eci.gov.in/uploads1/candprofile/E8/2020/AC/U05/BABAR-2020-20200125023250.jpg
AEDLJA469,https://suvidha.eci.gov.in/uploads1/candprofile/E8/2020/AC/u05/MANOJ-2020-20200120053239.jpg
AEDLJA470,https://suvidha.eci.gov.in/uploads1/candprofile/E8/2020/AC/U05/RAJBI-2020-20200121112329.jpg
AEDLJA471,https://suvidha.eci.gov.in/uploads1/candprofile/E8/2020/AC/u05/MONU-2020-20200121092347.jpg
AEDLJA472,https://suvidha.eci.gov.in/uploads1/candprofile/E8/2020/AC/U05/SHEAL-2020-20200120091324.jpg
AEDLJA473,https://suvidha.eci.gov.in/uploads1/candprofile/E8/2020/AC/u05/MOHAN-2020-20200121074306.jpg
6934,https://suvidha.eci.gov.in/uploads1/candprofile/E8/2020/AC/u05/YOGES-2020-20200121014509.jpg
AEDLJA474,https://suvidha.eci.gov.in/uploads1/candprofile/E8/2020/AC/u05/RANJE-2020-20200120051106.jpg
AEDLJA475,https://suvidha.eci.gov.in/uploads1/candprofile/E8/2020/AC/U05/SAMPU-2020-20200120124935.jpg
6935,https://suvidha.eci.gov.in/uploads1/candprofile/E8/2020/AC/U05/S.N.-2020-20200116040302.jpg
AEDLJA476,https://suvidha.eci.gov.in/uploads1/candprofile/E8/2020/AC/U05/KIRTI-2020-20200122015543.jpg
AEDLJA477,https://suvidha.eci.gov.in/uploads1/candprofile/E8/2020/AC/u05/RAM%20S-2020-20200121102334.jpg
AEDLJA478,https://suvidha.eci.gov.in/uploads1/candprofile/E8/2020/AC/U05/Daya-2020-20200120040205.jpg
AEDLJA479,https://suvidha.eci.gov.in/uploads1/candprofile/E8/2020/AC/u05/SHIV-2020-20200121095907.jpg
AEDLJA480,https://suvidha.eci.gov.in/uploads1/candprofile/E8/2020/AC/u05/SHAIL-2020-20200117051052.jpg
AEDLJA481,https://suvidha.eci.gov.in/uploads1/candprofile/E8/2020/AC/U05/YOGEN-2020-20200124064651.jpg
AEDLJA482,https://suvidha.eci.gov.in/uploads1/candprofile/E8/2020/AC/u05/AAZAD-2020-20200114042653.jpg
AEDLJA483,https://suvidha.eci.gov.in/uploads1/candprofile/E8/2020/AC/U05/RAMES-2020-20200120040055.jpg
AEDLJA484,https://suvidha.eci.gov.in/uploads1/candprofile/E8/2020/AC/U05/RAHUL-2020-20200120012853.jpg
AEDLJA485,https://suvidha.eci.gov.in/uploads1/candprofile/E8/2020/AC/u05/SHAIL-2020-20200121113730.jpg
AEDLJA486,https://suvidha.eci.gov.in/uploads1/candprofile/E8/2020/AC/U05/RAHUL-2020-20200122122758.jpg
AEDLJA487,https://suvidha.eci.gov.in/uploads1/candprofile/E8/2020/AC/U05/VIKAS-2020-20200118054246.jpg
AEDLJA488,https://suvidha.eci.gov.in/uploads1/candprofile/E8/2020/AC/U05/SHIV-2020-20200122013502.jpg
AEDLJA489,https://suvidha.eci.gov.in/uploads1/candprofile/E8/2020/AC/U05/SANNI-2020-20200124064739.jpg
AEDLJA490,https://suvidha.eci.gov.in/uploads1/candprofile/E8/2020/AC/U05/SANT-2020-20200118054327.jpg
AEDL100512,https://suvidha.eci.gov.in/uploads1/candprofile/E8/2020/AC/U05/SANDE-2020-20200122124011.jpg
